INSERT INTO organism(tax_id, name) VALUES(9606, 'Homo sapiens');
INSERT INTO organism(tax_id, name) VALUES(9986, 'Oryctolagus cuniculus');
INSERT INTO organism(tax_id, name) VALUES(10090,'Mus musculus');
INSERT INTO organism(tax_id, name) VALUES(9913,'Bos taurus');
INSERT INTO organism(tax_id, name) VALUES(10116,'Rattus norvegicus');
INSERT INTO organism(tax_id, name) VALUES(3702,'Arabidopsis thaliana');
INSERT INTO organism(tax_id, name) VALUES(6239,'Caenorhabditis elegans');
INSERT INTO organism(tax_id, name) VALUES(7227,'Drosophila melanogaster');


INSERT INTO gene(id, name, organism) VALUES(5499, 'PPP1CA', 9606);
INSERT INTO gene(id, name, organism) VALUES(6665, 'SOX15', 9606);
INSERT INTO gene(id, name, organism) VALUES(4627, 'MYH9', 9606);
INSERT INTO gene(id, name, organism) VALUES(23268, 'DNMBP', 9606);
INSERT INTO gene(id, name, organism) VALUES(51741, 'WWOX', 9606);
INSERT INTO gene(id, name, organism) VALUES(28227, 'PPP2R3B', 9606);
INSERT INTO gene(id, name, organism) VALUES(51386, 'EIF3L', 9606);
INSERT INTO gene(id, name, organism) VALUES(5467, 'PPARD', 9606);
INSERT INTO gene(id, name, organism) VALUES(100009298, 'PPP1CA', 9986);
INSERT INTO gene(id, name, organism) VALUES(17311,'Kitl',10090);

INSERT INTO gene(id,name,organism) VALUES(281881,'KCNH1',9913);
INSERT INTO gene(id,name,organism) VALUES(281572,'VEGFA',9913);
INSERT INTO gene(id,name,organism) VALUES(532712,'CDC42',9913);
INSERT INTO gene(id,name,organism) VALUES(25583,'Cryba1',10116);
INSERT INTO gene(id,name,organism) VALUES(820600,'RHD3',3702);
INSERT INTO gene(id,name,organism) VALUES(172682,'gls-1',6239);
INSERT INTO gene(id,name,organism) VALUES(45970,'S6KL',7227);


INSERT INTO protein(id, name, reviewed, length) VALUES('P62136', 'Serine/threonine-protein phosphatase PP1-alpha catalytic subunit', 1, 330);
INSERT INTO protein(id, name, reviewed, length) VALUES('O60248', 'Protein SOX-15', 1, 233);
INSERT INTO protein(id, name, reviewed, length) VALUES('P35579', 'Myosin-9 (Cellular myosin heavy chain, type A)', 1, 1960);
INSERT INTO protein(id, name, reviewed, length) VALUES('Q6XZF7', 'Dynamin-binding protein (Scaffold protein Tuba)', 1, 1577);
INSERT INTO protein(id, name, reviewed, length) VALUES('Q9NZC7', 'WW domain-containing oxidoreductase', 1, 414);
INSERT INTO protein(id, name, reviewed, length) VALUES('Q9Y5P8', 'Serine/threonine-protein phosphatase 2A regulatory subunit B'' subunit beta', 1, 575);
INSERT INTO protein(id, name, reviewed, length) VALUES('Q9Y262', 'Eukaryotic translation initiation factor 3 subunit L', 1, 564);
INSERT INTO protein(id, name, reviewed, length) VALUES('Q03181', 'Peroxisome proliferator-activated receptor delta', 1, 441);
INSERT INTO protein(id, name, reviewed, length) VALUES('P62139', 'Serine/threonine-protein phosphatase PP1-alpha catalytic subunit', 1, 330);
INSERT INTO protein(id, name, reviewed, length) VALUES('P20826', 'Kit ligand (Hematopoietic growth factor KL)', 1, 273);
INSERT INTO protein(id, name, reviewed, length) VALUES('O18965', 'Potassium voltage-gated channel subfamily H member 1', 1, 987);
INSERT INTO protein(id, name, reviewed, length) VALUES('P15691', 'Vascular endothelial growth factor A', 1, 190);
INSERT INTO protein(id, name, reviewed, length) VALUES('Q2KJ93', 'Cell division control protein 42 homolog', 1, 191);
INSERT INTO protein(id, name, reviewed, length) VALUES('P14881', 'Beta-crystallin A3', 1, 215);
INSERT INTO protein(id, name, reviewed, length) VALUES('P93042', 'Protein ROOT HAIR DEFECTIVE 3', 1, 802);
INSERT INTO protein(id, name, reviewed, length) VALUES('Q8I4M5', 'Germline survival defective-1', 1, 1052);
INSERT INTO protein(id, name, reviewed, length) VALUES('Q9VWQ2', 'Serine/threonine-protein kinase S6KL', 1, 483);

INSERT INTO locus(gene, chromosome, map_location, `start`, `end`, exon_count) VALUES(5499, '11', '11q13.2', 67398183, 67401858, 7);
INSERT INTO locus(gene, chromosome, map_location, `start`, `end`, exon_count) VALUES(6665, '17', '17p13.1', 7588178, 7590094, 2);
INSERT INTO locus(gene, chromosome, map_location, `start`, `end`, exon_count) VALUES(4627, '22', '22q12.3', 36281280, 36387967, 41);
INSERT INTO locus(gene, chromosome, map_location, `start`, `end`, exon_count) VALUES(23268, '10', '10q24.2', 99875571, 100009948, 20);
INSERT INTO locus(gene, chromosome, map_location, `start`, `end`, exon_count) VALUES(28227, 'X;Y', 'X', 333933, 387327, 16);
INSERT INTO locus(gene, chromosome, map_location, `start`, `end`, exon_count) VALUES(28227, 'X;Y', 'Y', 333933, 387327, 16);
INSERT INTO locus(gene, chromosome, map_location, `start`, `end`, exon_count) VALUES(51386, '22', '22q13.1', 37848868, 37889407, 13);
INSERT INTO locus(gene, chromosome, map_location, `start`, `end`, exon_count) VALUES(5467, '6', '6p21.31', 35342558, 35428180, 13);
INSERT INTO locus(gene, chromosome, `start`, `end`, exon_count) VALUES(100009298, '1', 194835165, 194848754, 6);
INSERT INTO locus(gene, chromosome, `start`, `end`, exon_count) VALUES(100009298, '13', 129899950, 129900231, 1);
INSERT INTO locus(gene, chromosome, map_location, `start`, `end`, exon_count) VALUES(17311,'10', '10 51.4 cM', 99851477, 99936278, 10);
INSERT INTO locus(gene, chromosome, `start`, `end`, exon_count) VALUES(281881, '16', 72205829, 72642416, 11);
INSERT INTO locus(gene, chromosome, `start`, `end`, exon_count) VALUES(281572, '23', 17281915, 17297193, 8);
INSERT INTO locus(gene, chromosome, `start`, `end`, exon_count) VALUES(532712, '2', 130733638, 130754601, 5);
INSERT INTO locus(gene, chromosome, map_location, `start`, `end`, exon_count) VALUES(25583,'10','10q25', 62608373, 62614726, 6);
INSERT INTO locus(gene, chromosome, `start`, `end`, exon_count) VALUES(820600, '3', 4565370, 4571355, 23);
INSERT INTO locus(gene, chromosome, `start`, `end`, exon_count) VALUES(172682,'I', 8737072, 8742548, 18);
INSERT INTO locus(gene, chromosome, map_location, `start`, `end`, exon_count) VALUES(45970,'X','1-61 cM', 18788464, 18806057, 10);

INSERT INTO gene_protein(gene_id, protein_id) VALUES(5499, 'P62136');
INSERT INTO gene_protein(gene_id, protein_id) VALUES(6665, 'O60248');
INSERT INTO gene_protein(gene_id, protein_id) VALUES(4627, 'P35579');
INSERT INTO gene_protein(gene_id, protein_id) VALUES(23268, 'Q6XZF7');
INSERT INTO gene_protein(gene_id, protein_id) VALUES(51741, 'Q9NZC7');
INSERT INTO gene_protein(gene_id, protein_id) VALUES(28227, 'Q9Y5P8');
INSERT INTO gene_protein(gene_id, protein_id) VALUES(51386, 'Q9Y262');
INSERT INTO gene_protein(gene_id, protein_id) VALUES(5467, 'Q03181');
INSERT INTO gene_protein(gene_id, protein_id) VALUES(100009298, 'P62139');
INSERT INTO gene_protein(gene_id, protein_id) VALUES(17311, 'P20826');
INSERT INTO gene_protein(gene_id, protein_id) VALUES(281881, 'O18965');
INSERT INTO gene_protein(gene_id, protein_id) VALUES(281572, 'P15691');
INSERT INTO gene_protein(gene_id, protein_id) VALUES(532712, 'Q2KJ93');
INSERT INTO gene_protein(gene_id, protein_id) VALUES(25583, 'P14881');
INSERT INTO gene_protein(gene_id, protein_id) VALUES(820600, 'P93042');
INSERT INTO gene_protein(gene_id, protein_id) VALUES(172682, 'Q8I4M5');
INSERT INTO gene_protein(gene_id, protein_id) VALUES(45970, 'Q9VWQ2');

INSERT INTO isoform(protein_id, isoform_num, length, sequence) VALUES
('P62136', 1, char_length('MSDSEKLNLDSIIGRLLEVQGSRPGKNVQLTENEIRGLCLKSREIFLSQPILLELEAPLKICGDIHGQYYDLLRLFEYGGFPPESNYLFLGDYVDRGKQSLETICLLLAYKIKYPENFFLLRGNHECASINRIYGFYDECKRRYNIKLWKTFTDCFNCLPIAAIVDEKIFCCHGGLSPDLQSMEQIRRIMRPTDVPDQGLLCDLLWSDPDKDVQGWGENDRGVSFTFGAEVVAKFLHKHDLDLICRAHQVVEDGYEFFAKRQLVTLFSAPNYCGEFDNAGAMMSVDETLMCSFQILKPADKNKGKYGQFSGLNPGGRPITPPRNSAKAKK'), 'MSDSEKLNLDSIIGRLLEVQGSRPGKNVQLTENEIRGLCLKSREIFLSQPILLELEAPLKICGDIHGQYYDLLRLFEYGGFPPESNYLFLGDYVDRGKQSLETICLLLAYKIKYPENFFLLRGNHECASINRIYGFYDECKRRYNIKLWKTFTDCFNCLPIAAIVDEKIFCCHGGLSPDLQSMEQIRRIMRPTDVPDQGLLCDLLWSDPDKDVQGWGENDRGVSFTFGAEVVAKFLHKHDLDLICRAHQVVEDGYEFFAKRQLVTLFSAPNYCGEFDNAGAMMSVDETLMCSFQILKPADKNKGKYGQFSGLNPGGRPITPPRNSAKAKK');
INSERT INTO isoform(protein_id, isoform_num, length, sequence) VALUES
('P62136', 2, char_length('MSDSEKLNLDSIIGRLLEGSRVLTPHCAPVQGSRPGKNVQLTENEIRGLCLKSREIFLSQPILLELEAPLKICGDIHGQYYDLLRLFEYGGFPPESNYLFLGDYVDRGKQSLETICLLLAYKIKYPENFFLLRGNHECASINRIYGFYDECKRRYNIKLWKTFTDCFNCLPIAAIVDEKIFCCHGGLSPDLQSMEQIRRIMRPTDVPDQGLLCDLLWSDPDKDVQGWGENDRGVSFTFGAEVVAKFLHKHDLDLICRAHQVVEDGYEFFAKRQLVTLFSAPNYCGEFDNAGAMMSVDETLMCSFQILKPADKNKGKYGQFSGLNPGGRPITPPRNSAKAKK'), 'MSDSEKLNLDSIIGRLLEGSRVLTPHCAPVQGSRPGKNVQLTENEIRGLCLKSREIFLSQPILLELEAPLKICGDIHGQYYDLLRLFEYGGFPPESNYLFLGDYVDRGKQSLETICLLLAYKIKYPENFFLLRGNHECASINRIYGFYDECKRRYNIKLWKTFTDCFNCLPIAAIVDEKIFCCHGGLSPDLQSMEQIRRIMRPTDVPDQGLLCDLLWSDPDKDVQGWGENDRGVSFTFGAEVVAKFLHKHDLDLICRAHQVVEDGYEFFAKRQLVTLFSAPNYCGEFDNAGAMMSVDETLMCSFQILKPADKNKGKYGQFSGLNPGGRPITPPRNSAKAKK');
INSERT INTO isoform(protein_id, isoform_num, length, sequence) VALUES
('P62136', 3, char_length('MSDSEKLNLDSIIGRLLEGDIHGQYYDLLRLFEYGGFPPESNYLFLGDYVDRGKQSLETICLLLAYKIKYPENFFLLRGNHECASINRIYGFYDECKRRYNIKLWKTFTDCFNCLPIAAIVDEKIFCCHGGLSPDLQSMEQIRRIMRPTDVPDQGLLCDLLWSDPDKDVQGWGENDRGVSFTFGAEVVAKFLHKHDLDLICRAHQVVEDGYEFFAKRQLVTLFSAPNYCGEFDNAGAMMSVDETLMCSFQILKPADKNKGKYGQFSGLNPGGRPITPPRNSAKAKK'), 'MSDSEKLNLDSIIGRLLEGDIHGQYYDLLRLFEYGGFPPESNYLFLGDYVDRGKQSLETICLLLAYKIKYPENFFLLRGNHECASINRIYGFYDECKRRYNIKLWKTFTDCFNCLPIAAIVDEKIFCCHGGLSPDLQSMEQIRRIMRPTDVPDQGLLCDLLWSDPDKDVQGWGENDRGVSFTFGAEVVAKFLHKHDLDLICRAHQVVEDGYEFFAKRQLVTLFSAPNYCGEFDNAGAMMSVDETLMCSFQILKPADKNKGKYGQFSGLNPGGRPITPPRNSAKAKK');
INSERT INTO isoform(protein_id, isoform_num, length, sequence) VALUES
('O60248', 1, char_length('MALPGSSQDQAWSLEPPAATAAASSSSGPQEREGAGSPAAPGTLPLEKVKRPMNAFMVWSSAQRRQMAQQNPKMHNSEISKRLGAQWKLLDEDEKRPFVEEAKRLRARHLRDYPDYKYRPRRKAKSSGAGPSRCGQGRGNLASGGPLWGPGYATTQPSRGFGYRPPSYSTAYLPGSYGSSHCKLEAPSPCSLPQSDPRLQGELLPTYTHYLPPGSPTPYNPPLAGAPMPLTHL'), 'MALPGSSQDQAWSLEPPAATAAASSSSGPQEREGAGSPAAPGTLPLEKVKRPMNAFMVWSSAQRRQMAQQNPKMHNSEISKRLGAQWKLLDEDEKRPFVEEAKRLRARHLRDYPDYKYRPRRKAKSSGAGPSRCGQGRGNLASGGPLWGPGYATTQPSRGFGYRPPSYSTAYLPGSYGSSHCKLEAPSPCSLPQSDPRLQGELLPTYTHYLPPGSPTPYNPPLAGAPMPLTHL');
INSERT INTO isoform(protein_id, isoform_num, length, sequence) VALUES
('O60248', 2, char_length('MALPGSSQDQAWSLEPPAATAAASSSSGPQEREGAGSPAAPGTLPLEKVKRPMNAFMVWSSAQRRQMAQQNPKMHNSEISKRLGAQWKLLDEDEKRPFVEEAKRLRARHLRDYPDYKYRPRRKAKSSGAGPSRCGQGRGNLASGGPLWGPGYATTQPSRGFGYRPPSYSTAYLPGSYG'), 'MALPGSSQDQAWSLEPPAATAAASSSSGPQEREGAGSPAAPGTLPLEKVKRPMNAFMVWSSAQRRQMAQQNPKMHNSEISKRLGAQWKLLDEDEKRPFVEEAKRLRARHLRDYPDYKYRPRRKAKSSGAGPSRCGQGRGNLASGGPLWGPGYATTQPSRGFGYRPPSYSTAYLPGSYG');
INSERT INTO isoform(protein_id, isoform_num, length, sequence) VALUES
('P35579', 1, char_length('MAQQAADKYLYVDKNFINNPLAQADWAAKKLVWVPSDKSGFEPASLKEEVGEEAIVELVENGKKVKVNKDDIQKMNPPKFSKVEDMAELTCLNEASVLHNLKERYYSGLIYTYSGLFCVVINPYKNLPIYSEEIVEMYKGKKRHEMPPHIYAITDTAYRSMMQDREDQSILCTGESGAGKTENTKKVIQYLAYVASSHKSKKDQGELERQLLQANPILEAFGNAKTVKNDNSSRFGKFIRINFDVNGYIVGANIETYLLEKSRAIRQAKEERTFHIFYYLLSGAGEHLKTDLLLEPYNKYRFLSNGHVTIPGQQDKDMFQETMEAMRIMGIPEEEQMGLLRVISGVLQLGNIVFKKERNTDQASMPDNTAAQKVSHLLGINVTDFTRGILTPRIKVGRDYVQKAQTKEQADFAIEALAKATYERMFRWLVLRINKALDKTKRQGASFIGILDIAGFEIFDLNSFEQLCINYTNEKLQQLFNHTMFILEQEEYQREGIEWNFIDFGLDLQPCIDLIEKPAGPPGILALLDEECWFPKATDKSFVEKVMQEQGTHPKFQKPKQLKDKADFCIIHYAGKVDYKADEWLMKNMDPLNDNIATLLHQSSDKFVSELWKDVDRIIGLDQVAGMSETALPGAFKTRKGMFRTVGQLYKEQLAKLMATLRNTNPNFVRCIIPNHEKKAGKLDPHLVLDQLRCNGVLEGIRICRQGFPNRVVFQEFRQRYEILTPNSIPKGFMDGKQACVLMIKALELDSNLYRIGQSKVFFRAGVLAHLEEERDLKITDVIIGFQACCRGYLARKAFAKRQQQLTAMKVLQRNCAAYLKLRNWQWWRLFTKVKPLLQVSRQEEEMMAKEEELVKVREKQLAAENRLTEMETLQSQLMAEKLQLQEQLQAETELCAEAEELRARLTAKKQELEEICHDLEARVEEEEERCQHLQAEKKKMQQNIQELEEQLEEEESARQKLQLEKVTTEAKLKKLEEEQIILEDQNCKLAKEKKLLEDRIAEFTTNLTEEEEKSKSLAKLKNKHEAMITDLEERLRREEKQRQELEKTRRKLEGDSTDLSDQIAELQAQIAELKMQLAKKEEELQAALARVEEEAAQKNMALKKIRELESQISELQEDLESERASRNKAEKQKRDLGEELEALKTELEDTLDSTAAQQELRSKREQEVNILKKTLEEEAKTHEAQIQEMRQKHSQAVEELAEQLEQTKRVKANLEKAKQTLENERGELANEVKVLLQGKGDSEHKRKKVEAQLQELQVKFNEGERVRTELADKVTKLQVELDNVTGLLSQSDSKSSKLTKDFSALESQLQDTQELLQEENRQKLSLSTKLKQVEDEKNSFREQLEEEEEAKHNLEKQIATLHAQVADMKKKMEDSVGCLETAEEVKRKLQKDLEGLSQRHEEKVAAYDKLEKTKTRLQQELDDLLVDLDHQRQSACNLEKKQKKFDQLLAEEKTISAKYAEERDRAEAEAREKETKALSLARALEEAMEQKAELERLNKQFRTEMEDLMSSKDDVGKSVHELEKSKRALEQQVEEMKTQLEELEDELQATEDAKLRLEVNLQAMKAQFERDLQGRDEQSEEKKKQLVRQVREMEAELEDERKQRSMAVAARKKLEMDLKDLEAHIDSANKNRDEAIKQLRKLQAQMKDCMRELDDTRASREEILAQAKENEKKLKSMEAEMIQLQEELAAAERAKRQAQQERDELADEIANSSGKGALALEEKRRLEARIAQLEEELEEEQGNTELINDRLKKANLQIDQINTDLNLERSHAQKNENARQQLERQNKELKVKLQEMEGTVKSKYKASITALEAKIAQLEEQLDNETKERQAACKQVRRTEKKLKDVLLQVDDERRNAEQYKDQADKASTRLKQLKRQLEEAEEEAQRANASRRKLQRELEDATETADAMNREVSSLKNKLRRGDLPFVVPRRMARKGAGDGSDEEVDGKADGAEAKPAE'), 'MAQQAADKYLYVDKNFINNPLAQADWAAKKLVWVPSDKSGFEPASLKEEVGEEAIVELVENGKKVKVNKDDIQKMNPPKFSKVEDMAELTCLNEASVLHNLKERYYSGLIYTYSGLFCVVINPYKNLPIYSEEIVEMYKGKKRHEMPPHIYAITDTAYRSMMQDREDQSILCTGESGAGKTENTKKVIQYLAYVASSHKSKKDQGELERQLLQANPILEAFGNAKTVKNDNSSRFGKFIRINFDVNGYIVGANIETYLLEKSRAIRQAKEERTFHIFYYLLSGAGEHLKTDLLLEPYNKYRFLSNGHVTIPGQQDKDMFQETMEAMRIMGIPEEEQMGLLRVISGVLQLGNIVFKKERNTDQASMPDNTAAQKVSHLLGINVTDFTRGILTPRIKVGRDYVQKAQTKEQADFAIEALAKATYERMFRWLVLRINKALDKTKRQGASFIGILDIAGFEIFDLNSFEQLCINYTNEKLQQLFNHTMFILEQEEYQREGIEWNFIDFGLDLQPCIDLIEKPAGPPGILALLDEECWFPKATDKSFVEKVMQEQGTHPKFQKPKQLKDKADFCIIHYAGKVDYKADEWLMKNMDPLNDNIATLLHQSSDKFVSELWKDVDRIIGLDQVAGMSETALPGAFKTRKGMFRTVGQLYKEQLAKLMATLRNTNPNFVRCIIPNHEKKAGKLDPHLVLDQLRCNGVLEGIRICRQGFPNRVVFQEFRQRYEILTPNSIPKGFMDGKQACVLMIKALELDSNLYRIGQSKVFFRAGVLAHLEEERDLKITDVIIGFQACCRGYLARKAFAKRQQQLTAMKVLQRNCAAYLKLRNWQWWRLFTKVKPLLQVSRQEEEMMAKEEELVKVREKQLAAENRLTEMETLQSQLMAEKLQLQEQLQAETELCAEAEELRARLTAKKQELEEICHDLEARVEEEEERCQHLQAEKKKMQQNIQELEEQLEEEESARQKLQLEKVTTEAKLKKLEEEQIILEDQNCKLAKEKKLLEDRIAEFTTNLTEEEEKSKSLAKLKNKHEAMITDLEERLRREEKQRQELEKTRRKLEGDSTDLSDQIAELQAQIAELKMQLAKKEEELQAALARVEEEAAQKNMALKKIRELESQISELQEDLESERASRNKAEKQKRDLGEELEALKTELEDTLDSTAAQQELRSKREQEVNILKKTLEEEAKTHEAQIQEMRQKHSQAVEELAEQLEQTKRVKANLEKAKQTLENERGELANEVKVLLQGKGDSEHKRKKVEAQLQELQVKFNEGERVRTELADKVTKLQVELDNVTGLLSQSDSKSSKLTKDFSALESQLQDTQELLQEENRQKLSLSTKLKQVEDEKNSFREQLEEEEEAKHNLEKQIATLHAQVADMKKKMEDSVGCLETAEEVKRKLQKDLEGLSQRHEEKVAAYDKLEKTKTRLQQELDDLLVDLDHQRQSACNLEKKQKKFDQLLAEEKTISAKYAEERDRAEAEAREKETKALSLARALEEAMEQKAELERLNKQFRTEMEDLMSSKDDVGKSVHELEKSKRALEQQVEEMKTQLEELEDELQATEDAKLRLEVNLQAMKAQFERDLQGRDEQSEEKKKQLVRQVREMEAELEDERKQRSMAVAARKKLEMDLKDLEAHIDSANKNRDEAIKQLRKLQAQMKDCMRELDDTRASREEILAQAKENEKKLKSMEAEMIQLQEELAAAERAKRQAQQERDELADEIANSSGKGALALEEKRRLEARIAQLEEELEEEQGNTELINDRLKKANLQIDQINTDLNLERSHAQKNENARQQLERQNKELKVKLQEMEGTVKSKYKASITALEAKIAQLEEQLDNETKERQAACKQVRRTEKKLKDVLLQVDDERRNAEQYKDQADKASTRLKQLKRQLEEAEEEAQRANASRRKLQRELEDATETADAMNREVSSLKNKLRRGDLPFVVPRRMARKGAGDGSDEEVDGKADGAEAKPAE');
INSERT INTO isoform(protein_id, isoform_num, length, sequence) VALUES
('P35579', 2, char_length('MYKGKKRHEMPPHIYAITDTAYRSMMQDREDQSILCTGESGAGKTENTKKVIQYLAYVASSHKSKKDQGELERQLLQANPILEAFGNAKTVKNDNSSRFGKFIRINFDVNGYIVGANIETYLLEKSRAIRQAKEERTFHIFYYLLSGAGEHLKTDLLLEPYNKYRFLSNGHVTIPGQQDKDMFQETMEAMRIMGIPEEEQMGLLRVISGVLQLGNIVFKKERNTDQASMPDNTAAQKVSHLLGINVTDFTRGILTPRIKVGRDYVQKAQTKEQADFAIEALAKATYERMFRWLVLRINKALDKTKRQGASFIGILDIAGFEIFDLNSFEQLCINYTNEKLQQLFNHTMFILEQEEYQREGIEWNFIDFGLDLQPCIDLIEKPAGPPGILALLDEECWFPKATDKSFVEKVMQEQGTHPKFQKPKQLKDKADFCIIHYAGKVDYKADEWLMKNMDPLNDNIATLLHQSSDKFVSELWKDVDRIIGLDQVAGMSETALPGAFKTRKGMFRTVGQLYKEQLAKLMATLRNTNPNFVRCIIPNHEKKAGKLDPHLVLDQLRCNGVLEGIRICRQGFPNRVVFQEFRQRYEILTPNSIPKGFMDGKQACVLMIKALELDSNLYRIGQSKVFFRAGVLAHLEEERDLKITDVIIGFQACCRGYLARKAFAKRQQQLTAMKVLQRNCAAYLKLRNWQWWRLFTKVKPLLQVSRQEEEMMAKEEELVKVREKQLAAENRLTEMETLQSQLMAEKLQLQEQLQAETELCAEAEELRARLTAKKQELEEICHDLEARVEEEEERCQHLQAEKKKMQQNIQELEEQLEEEESARQKLQLEKVTTEAKLKKLEEELDDLLVDLDHQRQSACNLEKKQKKFDQLLAEEKTISAKYAEERDRAEAEAREKETKALSLARALEEAMEQKAELERLNKQFRTEMEDLMSSKDDVGKSVHELEKSKRALEQQVEEMKTQLEELEDELQATEDAKLRLEVNLQAMKAQFERDLQGRDEQSEEKKKQLVRQVREMEAELEDERKQRSMAVAARKKLEMDLKDLEAHIDSANKNRDEAIKQLRKLQAQMKDCMRELDDTRASREEILAQAKENEKKLKSMEAEMIQLQEELAAAERAKRQAQQERDELADEIANSSGKGALALEEKRRLEARIAQLEEELEEEQGNTELINDRLKKANLQIDQINTDLNLERSHAQKNENARQQLERQNKELKVKLQEMEGTVKSKYKASITALEAKIAQLEEQLDNETKERQAACKQVRRTEKKLKDVLLQVDDERRNAEQYKDQADKASTRLKQLKRQLEEAEEEAQRANASRRKLQRELEDATETADAMNREVSSLKNKLRRGDLPFVVPRRMARKGAGDGSDEEVDGKADGAEAKPAE'), 'MYKGKKRHEMPPHIYAITDTAYRSMMQDREDQSILCTGESGAGKTENTKKVIQYLAYVASSHKSKKDQGELERQLLQANPILEAFGNAKTVKNDNSSRFGKFIRINFDVNGYIVGANIETYLLEKSRAIRQAKEERTFHIFYYLLSGAGEHLKTDLLLEPYNKYRFLSNGHVTIPGQQDKDMFQETMEAMRIMGIPEEEQMGLLRVISGVLQLGNIVFKKERNTDQASMPDNTAAQKVSHLLGINVTDFTRGILTPRIKVGRDYVQKAQTKEQADFAIEALAKATYERMFRWLVLRINKALDKTKRQGASFIGILDIAGFEIFDLNSFEQLCINYTNEKLQQLFNHTMFILEQEEYQREGIEWNFIDFGLDLQPCIDLIEKPAGPPGILALLDEECWFPKATDKSFVEKVMQEQGTHPKFQKPKQLKDKADFCIIHYAGKVDYKADEWLMKNMDPLNDNIATLLHQSSDKFVSELWKDVDRIIGLDQVAGMSETALPGAFKTRKGMFRTVGQLYKEQLAKLMATLRNTNPNFVRCIIPNHEKKAGKLDPHLVLDQLRCNGVLEGIRICRQGFPNRVVFQEFRQRYEILTPNSIPKGFMDGKQACVLMIKALELDSNLYRIGQSKVFFRAGVLAHLEEERDLKITDVIIGFQACCRGYLARKAFAKRQQQLTAMKVLQRNCAAYLKLRNWQWWRLFTKVKPLLQVSRQEEEMMAKEEELVKVREKQLAAENRLTEMETLQSQLMAEKLQLQEQLQAETELCAEAEELRARLTAKKQELEEICHDLEARVEEEEERCQHLQAEKKKMQQNIQELEEQLEEEESARQKLQLEKVTTEAKLKKLEEELDDLLVDLDHQRQSACNLEKKQKKFDQLLAEEKTISAKYAEERDRAEAEAREKETKALSLARALEEAMEQKAELERLNKQFRTEMEDLMSSKDDVGKSVHELEKSKRALEQQVEEMKTQLEELEDELQATEDAKLRLEVNLQAMKAQFERDLQGRDEQSEEKKKQLVRQVREMEAELEDERKQRSMAVAARKKLEMDLKDLEAHIDSANKNRDEAIKQLRKLQAQMKDCMRELDDTRASREEILAQAKENEKKLKSMEAEMIQLQEELAAAERAKRQAQQERDELADEIANSSGKGALALEEKRRLEARIAQLEEELEEEQGNTELINDRLKKANLQIDQINTDLNLERSHAQKNENARQQLERQNKELKVKLQEMEGTVKSKYKASITALEAKIAQLEEQLDNETKERQAACKQVRRTEKKLKDVLLQVDDERRNAEQYKDQADKASTRLKQLKRQLEEAEEEAQRANASRRKLQRELEDATETADAMNREVSSLKNKLRRGDLPFVVPRRMARKGAGDGSDEEVDGKADGAEAKPAE');
INSERT INTO isoform(protein_id, isoform_num, length, sequence) VALUES
('Q6XZF7', 1, char_length('MEAGSVVRAIFDFCPSVSEELPLFVGDIIEVLAVVDEFWLLGKKEDVTGQFPSSFVEIVTIPSLKEGERLFVCICEFTSQELDNLPLHRGDLVILDGIPTAGWLQGRSCWGARGFFPSSCVRELCLSSQSRQWHSQSALFQIPEYSMGQARALMGLSAQLDEELDFREGDVITIIGVPEPGWFEGELEGRRGIFPEGFVELLGPLRTVDESVSSGNQDDCIVNGEVDTPVGEEEIGPDEDEEEPGTYGVALYRFQALEPNELDFEVGDKIRILATLEDGWLEGSLKGRTGIFPYRFVKLCPDTRVEETMALPQEGSLARIPETSLDCLENTLGVEEQRHETSDHEAEEPDCIISEAPTSPLGHLTSEYDTDRNSYQDEDTAGGPPRSPGVEWEMPLATDSPTSDPTEVVNGISSQPQVPFHPNLQKSQYYSTVGGSHPHSEQYPDLLPLEARTRDYASLPPKRMYSQLKTLQKPVLPLYRGSSVSASRVVKPRQSSPQLHNLASYTKKHHTSSVYSISERLEMKPGPQAQGLVMEAATHSQGDGSTDLDSKLTQQLIEFEKSLAGPGTEPDKILRHFSIMDFNSEKDIVRGSSKLITEQELPERRKALRPPPPRPCTPVSTSPHLLVDQNLKPAPPLVVRPSRPAPLPPSAQQRTNAVSPKLLSRHRPTCETLEKEGPGHMGRSLDQTSPCPLVLVRIEEMERDLDMYSRAQEELNLMLEEKQDESSRAETLEDLKFCESNIESLNMELQQLREMTLLSSQSSSLVAPSGSVSAENPEQRMLEKRAKVIEELLQTERDYIRDLEMCIERIMVPMQQAQVPNIDFEGLFGNMQMVIKVSKQLLAALEISDAVGPVFLGHRDELEGTYKIYCQNHDEAIALLEIYEKDEKIQKHLQDSLADLKSLYNEWGCTNYINLGSFLIKPVQRVMRYPLLLMELLNSTPESHPDKVPLTNAVLAVKEINVNINEYKRRKDLVLKYRKGDEDSLMEKISKLNIHSIIKKSNRVSSHLKHLTGFAPQIKDEVFEETEKNFRMQERLIKSFIRDLSLYLQHIRESACVKVVAAVSMWDVCMERGHRDLEQFERVHRYISDQLFTNFKERTERLVISPLNQLLSMFTGPHKLVQKRFDKLLDFYNCTERAEKLKDKKTLEELQSARNNYEALNAQLLDELPKFHQYAQGLFTNCVHGYAEAHCDFVHQALEQLKPLLSLLKVAGREGNLIAIFHEEHSRVLQQLQVFTFFPESLPATKKPFERKTIDRQSARKPLLGLPSYMLQSEELRASLLARYPPEKLFQAERNFNAAQDLDVSLLEGDLVGVIKKKDPMGSQNRWLIDNGVTKGFVYSSFLKPYNPRRSHSDASVGSHSSTESEHGSSSPRFPRQNSGSTLTFNPSSMAVSFTSGSCQKQPQDASPPPKECDQGTLSASLNPSNSESSPSRCPSDPDSTSQPRSGDSADVARDVKQPTATPRSYRNFRHPEIVGYSVPGRNGQSQDLVKGCARTAQAPEDRSTEPDGSEAEGNQVYFAVYTFKARNPNELSVSANQKLKILEFKDVTGNTEWWLAEVNGKKGYVPSNYIRKTEYT'), 'MEAGSVVRAIFDFCPSVSEELPLFVGDIIEVLAVVDEFWLLGKKEDVTGQFPSSFVEIVTIPSLKEGERLFVCICEFTSQELDNLPLHRGDLVILDGIPTAGWLQGRSCWGARGFFPSSCVRELCLSSQSRQWHSQSALFQIPEYSMGQARALMGLSAQLDEELDFREGDVITIIGVPEPGWFEGELEGRRGIFPEGFVELLGPLRTVDESVSSGNQDDCIVNGEVDTPVGEEEIGPDEDEEEPGTYGVALYRFQALEPNELDFEVGDKIRILATLEDGWLEGSLKGRTGIFPYRFVKLCPDTRVEETMALPQEGSLARIPETSLDCLENTLGVEEQRHETSDHEAEEPDCIISEAPTSPLGHLTSEYDTDRNSYQDEDTAGGPPRSPGVEWEMPLATDSPTSDPTEVVNGISSQPQVPFHPNLQKSQYYSTVGGSHPHSEQYPDLLPLEARTRDYASLPPKRMYSQLKTLQKPVLPLYRGSSVSASRVVKPRQSSPQLHNLASYTKKHHTSSVYSISERLEMKPGPQAQGLVMEAATHSQGDGSTDLDSKLTQQLIEFEKSLAGPGTEPDKILRHFSIMDFNSEKDIVRGSSKLITEQELPERRKALRPPPPRPCTPVSTSPHLLVDQNLKPAPPLVVRPSRPAPLPPSAQQRTNAVSPKLLSRHRPTCETLEKEGPGHMGRSLDQTSPCPLVLVRIEEMERDLDMYSRAQEELNLMLEEKQDESSRAETLEDLKFCESNIESLNMELQQLREMTLLSSQSSSLVAPSGSVSAENPEQRMLEKRAKVIEELLQTERDYIRDLEMCIERIMVPMQQAQVPNIDFEGLFGNMQMVIKVSKQLLAALEISDAVGPVFLGHRDELEGTYKIYCQNHDEAIALLEIYEKDEKIQKHLQDSLADLKSLYNEWGCTNYINLGSFLIKPVQRVMRYPLLLMELLNSTPESHPDKVPLTNAVLAVKEINVNINEYKRRKDLVLKYRKGDEDSLMEKISKLNIHSIIKKSNRVSSHLKHLTGFAPQIKDEVFEETEKNFRMQERLIKSFIRDLSLYLQHIRESACVKVVAAVSMWDVCMERGHRDLEQFERVHRYISDQLFTNFKERTERLVISPLNQLLSMFTGPHKLVQKRFDKLLDFYNCTERAEKLKDKKTLEELQSARNNYEALNAQLLDELPKFHQYAQGLFTNCVHGYAEAHCDFVHQALEQLKPLLSLLKVAGREGNLIAIFHEEHSRVLQQLQVFTFFPESLPATKKPFERKTIDRQSARKPLLGLPSYMLQSEELRASLLARYPPEKLFQAERNFNAAQDLDVSLLEGDLVGVIKKKDPMGSQNRWLIDNGVTKGFVYSSFLKPYNPRRSHSDASVGSHSSTESEHGSSSPRFPRQNSGSTLTFNPSSMAVSFTSGSCQKQPQDASPPPKECDQGTLSASLNPSNSESSPSRCPSDPDSTSQPRSGDSADVARDVKQPTATPRSYRNFRHPEIVGYSVPGRNGQSQDLVKGCARTAQAPEDRSTEPDGSEAEGNQVYFAVYTFKARNPNELSVSANQKLKILEFKDVTGNTEWWLAEVNGKKGYVPSNYIRKTEYT');
INSERT INTO isoform(protein_id, isoform_num, length, sequence) VALUES
('Q6XZF7', 2, char_length('MTLLSSQSSSLVAPSGSVSAENPEQRMLEKRAKVIEELLQTERDYIRDLEMCIERIMVPMQQAQVPNIDFEGLFGNMQMVIKVSKQLLAALEISDAVGPVFLGHRDELEGTYKIYCQNHDEAIALLEIYEKDEKIQKHLQDSLADLKSLYNEWGCTNYINLGSFLIKPVQRVMRYPLLLMELLNSTPESHPDKVPLTNAVLAVKEINVNINEYKRRKDLVLKYRKGDEDSLMEKISKLNIHSIIKKSNRVSSHLKHLTGFAPQIKDEVFEETEKNFRMQERLIKSFIRDLSLYLQHIRESACVKVVAAVSMWDVCMERGHRDLEQFERVHRYISDQLFTNFKERTERLVISPLNQLLSMFTGPHKLVQKRFDKLLDFYNCTERAEKLKDKKTLEELQSARNNYEALNAQLLDELPKFHQYAQGLFTNCVHGYAEAHCDFVHQALEQLKPLLSLLKVAGREGNLIAIFHEEHSRVLQQLQVFTFFPESLPATKKPFERKTIDRQSARKPLLGLPSYMLQSEELRASLLARYPPEKLFQAERNFNAAQDLDVSLLEGDLVGVIKKKDPMGSQNRWLIDNGVTKGFVYSSFLKPYNPRRSHSDASVGSHSSTESEHGSSSPRFPRQNSGSTLTFNPSSMAVSFTSGSCQKQPQDASPPPKECDQGTLSASLNPSNSESSPSRCPSDPDSTSQPRSGDSADVARDVKQPTATPRSYRNFRHPEIVGYSVPGRNGQSQDLVKGCARTAQAPEDRSTEPDGSEAEGNQVYFAVYTFKARNPNELSVSANQKLKILEFKDVTGNTEWWLAEVNGKKGYVPSNYIRKTEYT'), 'MTLLSSQSSSLVAPSGSVSAENPEQRMLEKRAKVIEELLQTERDYIRDLEMCIERIMVPMQQAQVPNIDFEGLFGNMQMVIKVSKQLLAALEISDAVGPVFLGHRDELEGTYKIYCQNHDEAIALLEIYEKDEKIQKHLQDSLADLKSLYNEWGCTNYINLGSFLIKPVQRVMRYPLLLMELLNSTPESHPDKVPLTNAVLAVKEINVNINEYKRRKDLVLKYRKGDEDSLMEKISKLNIHSIIKKSNRVSSHLKHLTGFAPQIKDEVFEETEKNFRMQERLIKSFIRDLSLYLQHIRESACVKVVAAVSMWDVCMERGHRDLEQFERVHRYISDQLFTNFKERTERLVISPLNQLLSMFTGPHKLVQKRFDKLLDFYNCTERAEKLKDKKTLEELQSARNNYEALNAQLLDELPKFHQYAQGLFTNCVHGYAEAHCDFVHQALEQLKPLLSLLKVAGREGNLIAIFHEEHSRVLQQLQVFTFFPESLPATKKPFERKTIDRQSARKPLLGLPSYMLQSEELRASLLARYPPEKLFQAERNFNAAQDLDVSLLEGDLVGVIKKKDPMGSQNRWLIDNGVTKGFVYSSFLKPYNPRRSHSDASVGSHSSTESEHGSSSPRFPRQNSGSTLTFNPSSMAVSFTSGSCQKQPQDASPPPKECDQGTLSASLNPSNSESSPSRCPSDPDSTSQPRSGDSADVARDVKQPTATPRSYRNFRHPEIVGYSVPGRNGQSQDLVKGCARTAQAPEDRSTEPDGSEAEGNQVYFAVYTFKARNPNELSVSANQKLKILEFKDVTGNTEWWLAEVNGKKGYVPSNYIRKTEYT');
INSERT INTO isoform(protein_id, isoform_num, length, sequence) VALUES
('Q9NZC7', 1, char_length('MAALRYAGLDDTDSEDELPPGWEERTTKDGWVYYANHTEEKTQWEHPKTGKRKRVAGDLPYGWEQETDENGQVFFVDHINKRTTYLDPRLAFTVDDNPTKPTTRQRYDGSTTAMEILQGRDFTGKVVVVTGANSGIGFETAKSFALHGAHVILACRNMARASEAVSRILEEWHKAKVEAMTLDLALLRSVQHFAEAFKAKNVPLHVLVCNAATFALPWSLTKDGLETTFQVNHLGHFYLVQLLQDVLCRSAPARVIVVSSESHRFTDINDSLGKLDFSRLSPTKNDYWAMLAYNRSKLCNILFSNELHRRLSPRGVTSNAVHPGNMMYSNIHRSWWVYTLLFTLARPFTKSMQQGAATTVYCAAVPELEGLGGMYFNNCCRCMPSPEAQSEETARTLWALSERLIQERLGSQSG'), 'MAALRYAGLDDTDSEDELPPGWEERTTKDGWVYYANHTEEKTQWEHPKTGKRKRVAGDLPYGWEQETDENGQVFFVDHINKRTTYLDPRLAFTVDDNPTKPTTRQRYDGSTTAMEILQGRDFTGKVVVVTGANSGIGFETAKSFALHGAHVILACRNMARASEAVSRILEEWHKAKVEAMTLDLALLRSVQHFAEAFKAKNVPLHVLVCNAATFALPWSLTKDGLETTFQVNHLGHFYLVQLLQDVLCRSAPARVIVVSSESHRFTDINDSLGKLDFSRLSPTKNDYWAMLAYNRSKLCNILFSNELHRRLSPRGVTSNAVHPGNMMYSNIHRSWWVYTLLFTLARPFTKSMQQGAATTVYCAAVPELEGLGGMYFNNCCRCMPSPEAQSEETARTLWALSERLIQERLGSQSG');
INSERT INTO isoform(protein_id, isoform_num, length, sequence) VALUES
('Q9NZC7', 2, char_length('MAALRYAGLDDTDSEDELPPGWEERTTKDGWVYYANHTEEKTQWEHPKTGKRKRVAGDLPYGWEQETDENGQVFFVDHINKRTTYLDPRLAFTVDDNPTKPTTRQRYDGSTTAMEILQGRDFTGKVVVVTGANSGIGFETAKSFALHGAHVILACRNMARASEAVSRILEEWHKAKVEAMTLDLALLRSVQHFAEAFKAKNVPLHVLVCNAATFALPWSLTKDGLETTFQVNHLGHFYLVQLLQDVLCRSAPARVIVVSSESHRFTDINDSLGKLDFSRLSPTKNDYWAMLAYNRSKLCNILFSNELHRRLSPRGVTSNAVHPGNMMYSNIHRSWWVYTLLFTLARPFTKSMVSDCLVEGGHF'), 'MAALRYAGLDDTDSEDELPPGWEERTTKDGWVYYANHTEEKTQWEHPKTGKRKRVAGDLPYGWEQETDENGQVFFVDHINKRTTYLDPRLAFTVDDNPTKPTTRQRYDGSTTAMEILQGRDFTGKVVVVTGANSGIGFETAKSFALHGAHVILACRNMARASEAVSRILEEWHKAKVEAMTLDLALLRSVQHFAEAFKAKNVPLHVLVCNAATFALPWSLTKDGLETTFQVNHLGHFYLVQLLQDVLCRSAPARVIVVSSESHRFTDINDSLGKLDFSRLSPTKNDYWAMLAYNRSKLCNILFSNELHRRLSPRGVTSNAVHPGNMMYSNIHRSWWVYTLLFTLARPFTKSMVSDCLVEGGHF');
INSERT INTO isoform(protein_id, isoform_num, length, sequence) VALUES
('Q9NZC7', 3, char_length('MAALRYAGLDDTDSEDELPPGWEERTTKDGWVYYANHTEEKTQWEHPKTGKRKRVAGDLPYGWEQETDENGQVFFVDHINKRTTYLDPRLAFTVDDNPTKPTTRQRYDGSTTAMEILQGRDFTGKVVVVTGANSGIGFETAKSFALHGAHVILACRNMARASEAVSRILEEWKTKYHPPPEKCRIKIFH'), 'MAALRYAGLDDTDSEDELPPGWEERTTKDGWVYYANHTEEKTQWEHPKTGKRKRVAGDLPYGWEQETDENGQVFFVDHINKRTTYLDPRLAFTVDDNPTKPTTRQRYDGSTTAMEILQGRDFTGKVVVVTGANSGIGFETAKSFALHGAHVILACRNMARASEAVSRILEEWKTKYHPPPEKCRIKIFH');
INSERT INTO isoform(protein_id, isoform_num, length, sequence) VALUES
('Q9NZC7', 4, char_length('MAALRYAGLDDTDSEDELPPGWEERTTKDGWVYYAK'), 'MAALRYAGLDDTDSEDELPPGWEERTTKDGWVYYAK');
INSERT INTO isoform(protein_id, isoform_num, length, sequence) VALUES
('Q9NZC7', 5, char_length('MAALRYAGLDDTDSEDELPPGWEERTTKDGWVYYANHTEEKTQWEHPKTGKRKRVAGDLPYGWEQETDENGQVFFVDHINKRTTYLDPRLAFTVDDNPTKPTTRQRYDGSTTAMEILQGRDFTGKVVVVTGANSGIGFETAKSFALHGAHVILACRNMARASEAVSRILEEWQQGAATTVYCAAVPELEGLGGMYFNNCCRCMPSPEAQSEETARTLWALSERLIQERLGSQSG'), 'MAALRYAGLDDTDSEDELPPGWEERTTKDGWVYYANHTEEKTQWEHPKTGKRKRVAGDLPYGWEQETDENGQVFFVDHINKRTTYLDPRLAFTVDDNPTKPTTRQRYDGSTTAMEILQGRDFTGKVVVVTGANSGIGFETAKSFALHGAHVILACRNMARASEAVSRILEEWQQGAATTVYCAAVPELEGLGGMYFNNCCRCMPSPEAQSEETARTLWALSERLIQERLGSQSG');
INSERT INTO isoform(protein_id, isoform_num, length, sequence) VALUES
('Q9NZC7', 6, char_length('MAALRYAGLDDTDSEDELPPGWEERTTKDGWVYYANHTEEKTQWEHPKTGKRKRVAGDLPYGWEQETDENGQVFFVDHINKRTTYLDPRLAFTVDDNPTKPTTRQRYDGSTTAMEILQGRDFTGKVVVVTGANSGIATGSCHHRVLCCCPRTGGSGRDVLQQLLPLHALTRSSERRDGPDPVGAQREADPRTAWQPVRLSGAQSGWAHTPALCVSPHASARAGPLPNVPPTQIRKSKGNKSSHNRVKNLKYQWEAGNSWGKVSLFWGWARHRSLCFLVVACLKVKTCLVCRFRISLEKHQQFSFFYCYRIA'), 'MAALRYAGLDDTDSEDELPPGWEERTTKDGWVYYANHTEEKTQWEHPKTGKRKRVAGDLPYGWEQETDENGQVFFVDHINKRTTYLDPRLAFTVDDNPTKPTTRQRYDGSTTAMEILQGRDFTGKVVVVTGANSGIATGSCHHRVLCCCPRTGGSGRDVLQQLLPLHALTRSSERRDGPDPVGAQREADPRTAWQPVRLSGAQSGWAHTPALCVSPHASARAGPLPNVPPTQIRKSKGNKSSHNRVKNLKYQWEAGNSWGKVSLFWGWARHRSLCFLVVACLKVKTCLVCRFRISLEKHQQFSFFYCYRIA');
INSERT INTO isoform(protein_id, isoform_num, length, sequence) VALUES
('Q9NZC7', 7, char_length('MAALRYAGLDDTDSEDELPPGWEERTTKDGWVYYANHTEEKTQWEHPKTGKRKRVAGDLPYGWEQETDENGQVFFVDHINKRTTYLDPRLAFTVDDNPTKPTTRQRYDGSTTAMEILQGRDFTGKVVVVTGANSGIGKASCHVGRTLKHTRVEELSLLPTAINRELPPPCTVLLSQNWRVWEGCTSTTAAAACPHQKLRAKRRPGPCGRSARG'), 'MAALRYAGLDDTDSEDELPPGWEERTTKDGWVYYANHTEEKTQWEHPKTGKRKRVAGDLPYGWEQETDENGQVFFVDHINKRTTYLDPRLAFTVDDNPTKPTTRQRYDGSTTAMEILQGRDFTGKVVVVTGANSGIGKASCHVGRTLKHTRVEELSLLPTAINRELPPPCTVLLSQNWRVWEGCTSTTAAAACPHQKLRAKRRPGPCGRSARG');
INSERT INTO isoform(protein_id, isoform_num, length, sequence) VALUES
('Q9Y5P8', 1, char_length('MPPGKVLQPVLKMKVDELFLYWLSEASTQRMLQDCLRRIKAPGRDQPTPGDGEQPGAWPTAPLAAPRPSGLEPPGTPGPGPALPLGAASSPRNAPHVRGTRRSAGTRVVQTRKEEPLPPATSQSIPTFYFPRGRPQDSVNVDAVISKIESTFARFPHERATMDDMGLVAKACGCPLYWKGPLFYGAGGERTGSVSVHKFVAMWRKILQNCHDDAAKFVHLLMSPGCNYLVQEDFVPFLQDVVNTHPGLSFLKEASEFHSRYITTVIQRIFYAVNRSWSGRITCAELRRSSFLQNVALLEEEADINQLTEFFSYEHFYVIYCKFWELDTDHDLLIDADDLARHNDHALSTKMIDRIFSGAVTRGRKVQKEGKISYADFVWFLISEEDKKTPTSIEYWFRCMDLDGDGALSMFELEYFYEEQCRRLDSMAIEALPFQDCLCQMLDLVKPRTEGKITLQDLKRCKLANVFFDTFFNIEKYLDHEQKEQISLLRDGDSGGPELSDWEKYAAEEYDILVAEETAGEPWEDGFEAELSPVEQKLSALRSPLAQRPFFEAPSPLGAVDLYEYACGDEDLEPL'), 'MPPGKVLQPVLKMKVDELFLYWLSEASTQRMLQDCLRRIKAPGRDQPTPGDGEQPGAWPTAPLAAPRPSGLEPPGTPGPGPALPLGAASSPRNAPHVRGTRRSAGTRVVQTRKEEPLPPATSQSIPTFYFPRGRPQDSVNVDAVISKIESTFARFPHERATMDDMGLVAKACGCPLYWKGPLFYGAGGERTGSVSVHKFVAMWRKILQNCHDDAAKFVHLLMSPGCNYLVQEDFVPFLQDVVNTHPGLSFLKEASEFHSRYITTVIQRIFYAVNRSWSGRITCAELRRSSFLQNVALLEEEADINQLTEFFSYEHFYVIYCKFWELDTDHDLLIDADDLARHNDHALSTKMIDRIFSGAVTRGRKVQKEGKISYADFVWFLISEEDKKTPTSIEYWFRCMDLDGDGALSMFELEYFYEEQCRRLDSMAIEALPFQDCLCQMLDLVKPRTEGKITLQDLKRCKLANVFFDTFFNIEKYLDHEQKEQISLLRDGDSGGPELSDWEKYAAEEYDILVAEETAGEPWEDGFEAELSPVEQKLSALRSPLAQRPFFEAPSPLGAVDLYEYACGDEDLEPL');
INSERT INTO isoform(protein_id, isoform_num, length, sequence) VALUES
('Q9Y5P8', 2, char_length('MDLDGDGALSMFELEYFYEEQCRRLDSMAIEALPFQDCLCQMLDLVKPRTEGKITLQDLKRCKLANVFFDTFFNIEKYLDHEQKEQISLLRDGDSGGPELSDWEKYAAEEYDILVAEETAGEPWEDGFEAELSPVEQKLSALRSPLAQRPFFEAPSPLGAVDLYEYACGDEDLEPL'), 'MDLDGDGALSMFELEYFYEEQCRRLDSMAIEALPFQDCLCQMLDLVKPRTEGKITLQDLKRCKLANVFFDTFFNIEKYLDHEQKEQISLLRDGDSGGPELSDWEKYAAEEYDILVAEETAGEPWEDGFEAELSPVEQKLSALRSPLAQRPFFEAPSPLGAVDLYEYACGDEDLEPL');
INSERT INTO isoform(protein_id, isoform_num, length, sequence) VALUES
('Q9Y262', 1, char_length('MSYPADDYESEAAYDPYAYPSDYDMHTGDPKQDLAYERQYEQQTYQVIPEVIKNFIQYFHKTVSDLIDQKVYELQASRVSSDVIDQKVYEIQDIYENSWTKLTERFFKNTPWPEAEAIAPQVGNDAVFLILYKELYYRHIYAKVSGGPSLEQRFESYYNYCNLFNYILNADGPAPLELPNQWLWDIIDEFIYQFQSFSQYRCKTAKKSEEEIDFLRSNPKIWNVHSVLNVLHSLVDKSNINRQLEVYTSGGDPESVAGEYGRHSLYKMLGYFSLVGLLRLHSLLGDYYQAIKVLENIELNKKSMYSRVPECQVTTYYYVGFAYLMMRRYQDAIRVFANILLYIQRTKSMFQRTTYKYEMINKQNEQMHALLAIALTMYPMRIDESIHLQLREKYGDKMLRMQKGDPQVYEELFSYSCPKFLSPVVPNYDNVHPNYHKEPFLQQLKVFSDEVQQQAQLSTIRSFLKLYTTMPVAKLAGFLDLTEQEFRIQLLVFKHKMKNLVWTSGISALDGEFQSASEVDFYIDKDMIHIADTKVARRYGDFFIRQIHKFEELNRTLKKMGQRP'), 'MSYPADDYESEAAYDPYAYPSDYDMHTGDPKQDLAYERQYEQQTYQVIPEVIKNFIQYFHKTVSDLIDQKVYELQASRVSSDVIDQKVYEIQDIYENSWTKLTERFFKNTPWPEAEAIAPQVGNDAVFLILYKELYYRHIYAKVSGGPSLEQRFESYYNYCNLFNYILNADGPAPLELPNQWLWDIIDEFIYQFQSFSQYRCKTAKKSEEEIDFLRSNPKIWNVHSVLNVLHSLVDKSNINRQLEVYTSGGDPESVAGEYGRHSLYKMLGYFSLVGLLRLHSLLGDYYQAIKVLENIELNKKSMYSRVPECQVTTYYYVGFAYLMMRRYQDAIRVFANILLYIQRTKSMFQRTTYKYEMINKQNEQMHALLAIALTMYPMRIDESIHLQLREKYGDKMLRMQKGDPQVYEELFSYSCPKFLSPVVPNYDNVHPNYHKEPFLQQLKVFSDEVQQQAQLSTIRSFLKLYTTMPVAKLAGFLDLTEQEFRIQLLVFKHKMKNLVWTSGISALDGEFQSASEVDFYIDKDMIHIADTKVARRYGDFFIRQIHKFEELNRTLKKMGQRP');
INSERT INTO isoform(protein_id, isoform_num, length, sequence) VALUES
('Q9Y262', 2, char_length('MSYPADDYESEAAYDPYAYPSDYDMHTGDPKQDLAYERQYEQQTYQVIPEVIKNFIQYFHKTVSDLIDQKVYELQASRVSSDVIDQKVYEIQDIYENSWTKLTERFFKNTPWPEAEAIAPQVGNDAVFLILYKELYYRHIYAKVSFQSFSQYRCKTAKKSEEEIDFLRSNPKIWNVHSVLNVLHSLVDKSNINRQLEVYTSGGDPESVAGEYGRHSLYKMLGYFSLVGLLRLHSLLGDYYQAIKVLENIELNKKSMYSRVPECQVTTYYYVGFAYLMMRRYQDAIRVFANILLYIQRTKSMFQRTTYKYEMINKQNEQMHALLAIALTMYPMRIDESIHLQLREKYGDKMLRMQKGDPQVYEELFSYSCPKFLSPVVPNYDNVHPNYHKEPFLQQLKVFSDEVQQQAQLSTIRSFLKLYTTMPVAKLAGFLDLTEQEFRIQLLVFKHKMKNLVWTSGISALDGEFQSASEVDFYIDKDMIHIADTKVARRYGDFFIRQIHKFEELNRTLKKMGQRP'), 'MSYPADDYESEAAYDPYAYPSDYDMHTGDPKQDLAYERQYEQQTYQVIPEVIKNFIQYFHKTVSDLIDQKVYELQASRVSSDVIDQKVYEIQDIYENSWTKLTERFFKNTPWPEAEAIAPQVGNDAVFLILYKELYYRHIYAKVSFQSFSQYRCKTAKKSEEEIDFLRSNPKIWNVHSVLNVLHSLVDKSNINRQLEVYTSGGDPESVAGEYGRHSLYKMLGYFSLVGLLRLHSLLGDYYQAIKVLENIELNKKSMYSRVPECQVTTYYYVGFAYLMMRRYQDAIRVFANILLYIQRTKSMFQRTTYKYEMINKQNEQMHALLAIALTMYPMRIDESIHLQLREKYGDKMLRMQKGDPQVYEELFSYSCPKFLSPVVPNYDNVHPNYHKEPFLQQLKVFSDEVQQQAQLSTIRSFLKLYTTMPVAKLAGFLDLTEQEFRIQLLVFKHKMKNLVWTSGISALDGEFQSASEVDFYIDKDMIHIADTKVARRYGDFFIRQIHKFEELNRTLKKMGQRP');
INSERT INTO isoform(protein_id, isoform_num, length, sequence) VALUES
('Q03181', 1, char_length('MEQPQEEAPEVREEEEKEEVAEAEGAPELNGGPQHALPSSSYTDLSRSSSPPSLLDQLQMGCDGASCGSLNMECRVCGDKASGFHYGVHACEGCKGFFRRTIRMKLEYEKCERSCKIQKKNRNKCQYCRFQKCLALGMSHNAIRFGRMPEAEKRKLVAGLTANEGSQYNPQVADLKAFSKHIYNAYLKNFNMTKKKARSILTGKASHTAPFVIHDIETLWQAEKGLVWKQLVNGLPPYKEISVHVFYRCQCTTVETVRELTEFAKSIPSFSSLFLNDQVTLLKYGVHEAIFAMLASIVNKDGLLVANGSGFVTREFLRSLRKPFSDIIEPKFEFAVKFNALELDDSDLALFIAAIILCGDRPGLMNVPRVEAIQDTILRALEFHLQANHPDAQYLFPKLLQKMADLRQLVTEHAQMMQRIKKTETETSLHPLLQEIYKDMY'), 'MEQPQEEAPEVREEEEKEEVAEAEGAPELNGGPQHALPSSSYTDLSRSSSPPSLLDQLQMGCDGASCGSLNMECRVCGDKASGFHYGVHACEGCKGFFRRTIRMKLEYEKCERSCKIQKKNRNKCQYCRFQKCLALGMSHNAIRFGRMPEAEKRKLVAGLTANEGSQYNPQVADLKAFSKHIYNAYLKNFNMTKKKARSILTGKASHTAPFVIHDIETLWQAEKGLVWKQLVNGLPPYKEISVHVFYRCQCTTVETVRELTEFAKSIPSFSSLFLNDQVTLLKYGVHEAIFAMLASIVNKDGLLVANGSGFVTREFLRSLRKPFSDIIEPKFEFAVKFNALELDDSDLALFIAAIILCGDRPGLMNVPRVEAIQDTILRALEFHLQANHPDAQYLFPKLLQKMADLRQLVTEHAQMMQRIKKTETETSLHPLLQEIYKDMY');
INSERT INTO isoform(protein_id, isoform_num, length, sequence) VALUES
('Q03181', 2, char_length('MEQPQEEAPEVREEEEKEEVAEAEGAPELNGGPQHALPSSSYTDLSRSSSPPSLLDQLQMGCDGASCGSLNMECRVCGDKASGFHYGVHACEGCKGFFRRTIRMKLEYEKCERSCKIQKKNRNKCQYCRFQKCLALGMSHNAIRFGRMPEAEKRKLVAGLTANEGSQYNPQVADLKAFSKHIYNAYLKNFNMTKKKARSILTGKASHTAPFVIHDIETLWQAEKGLVWKQLVNGLPPYKEISVHVFYRCQCTTVETVRELTEFAKSIPSFSSLFLNDQVTLLKYGVHEAIFAMLASIVNKDGLLVANGSGFVTREFLRSLRKPFSDIIEPKFEFAVKFNALELDDSDLALFIAAIILCGGE'), 'MEQPQEEAPEVREEEEKEEVAEAEGAPELNGGPQHALPSSSYTDLSRSSSPPSLLDQLQMGCDGASCGSLNMECRVCGDKASGFHYGVHACEGCKGFFRRTIRMKLEYEKCERSCKIQKKNRNKCQYCRFQKCLALGMSHNAIRFGRMPEAEKRKLVAGLTANEGSQYNPQVADLKAFSKHIYNAYLKNFNMTKKKARSILTGKASHTAPFVIHDIETLWQAEKGLVWKQLVNGLPPYKEISVHVFYRCQCTTVETVRELTEFAKSIPSFSSLFLNDQVTLLKYGVHEAIFAMLASIVNKDGLLVANGSGFVTREFLRSLRKPFSDIIEPKFEFAVKFNALELDDSDLALFIAAIILCGGE');
INSERT INTO isoform(protein_id, isoform_num, length, sequence) VALUES
('Q03181', 3, char_length('MHQRDLSRSSSPPSLLDQLQMGCDGASCGSLNMECRVCGDKASGFHYGVHACEGCKGFFRRTIRMKLEYEKCERSCKIQKKNRNKCQYCRFQKCLALGMSHNAIRFGRMPEAEKRKLVAGLTANEGSQYNPQVADLKAFSKHIYNAYLKNFNMTKKKARSILTGKASHTAPFVIHDIETLWQAEKGLVWKQLVNGLPPYKEISVHVFYRCQCTTVETVRELTEFAKSIPSFSSLFLNDQVTLLKYGVHEAIFAMLASIVNKDGLLVANGSGFVTREFLRSLRKPFSDIIEPKFEFAVKFNALELDDSDLALFIAAIILCGDRPGLMNVPRVEAIQDTILRALEFHLQANHPDAQYLFPKLLQKMADLRQLVTEHAQMMQRIKKTETETSLHPLLQEIYKDMY'), 'MHQRDLSRSSSPPSLLDQLQMGCDGASCGSLNMECRVCGDKASGFHYGVHACEGCKGFFRRTIRMKLEYEKCERSCKIQKKNRNKCQYCRFQKCLALGMSHNAIRFGRMPEAEKRKLVAGLTANEGSQYNPQVADLKAFSKHIYNAYLKNFNMTKKKARSILTGKASHTAPFVIHDIETLWQAEKGLVWKQLVNGLPPYKEISVHVFYRCQCTTVETVRELTEFAKSIPSFSSLFLNDQVTLLKYGVHEAIFAMLASIVNKDGLLVANGSGFVTREFLRSLRKPFSDIIEPKFEFAVKFNALELDDSDLALFIAAIILCGDRPGLMNVPRVEAIQDTILRALEFHLQANHPDAQYLFPKLLQKMADLRQLVTEHAQMMQRIKKTETETSLHPLLQEIYKDMY');
INSERT INTO isoform(protein_id, isoform_num, length, sequence) VALUES
('Q03181', 4, char_length('MEQPQEEAPEVREEEEKEEVAEAEGAPELNGGPQHALPSSSYTAIRFGRMPEAEKRKLVAGLTANEGSQYNPQVADLKAFSKHIYNAYLKNFNMTKKKARSILTGKASHTAPFVIHDIETLWQAEKGLVWKQLVNGLPPYKEISVHVFYRCQCTTVETVRELTEFAKSIPSFSSLFLNDQVTLLKYGVHEAIFAMLASIVNKDGLLVANGSGFVTREFLRSLRKPFSDIIEPKFEFAVKFNALELDDSDLALFIAAIILCGDRPGLMNVPRVEAIQDTILRALEFHLQANHPDAQYLFPKLLQKMADLRQLVTEHAQMMQRIKKTETETSLHPLLQEIYKDMY'), 'MEQPQEEAPEVREEEEKEEVAEAEGAPELNGGPQHALPSSSYTAIRFGRMPEAEKRKLVAGLTANEGSQYNPQVADLKAFSKHIYNAYLKNFNMTKKKARSILTGKASHTAPFVIHDIETLWQAEKGLVWKQLVNGLPPYKEISVHVFYRCQCTTVETVRELTEFAKSIPSFSSLFLNDQVTLLKYGVHEAIFAMLASIVNKDGLLVANGSGFVTREFLRSLRKPFSDIIEPKFEFAVKFNALELDDSDLALFIAAIILCGDRPGLMNVPRVEAIQDTILRALEFHLQANHPDAQYLFPKLLQKMADLRQLVTEHAQMMQRIKKTETETSLHPLLQEIYKDMY');
INSERT INTO isoform(protein_id, isoform_num, length, sequence) VALUES
('P62139', 1, char_length('MSDSEKLNLDSIIGRLLEVQGSRPGKNVQLTENEIRGLCLKSREIFLSQPILLELEAPLKICGDIHGQYYDLLRLFEYGGFPPESNYLFLGDYVDRGKQSLETICLLLAYKIKYPENFFLLRGNHECASINRIYGFYDECKRRYNIKLWKTFTDCFNCLPIAAIVDEKIFCCHGGLSPDLQSMEQIRRIMRPTDVPDQGLLCDLLWSDPDKDVQGWGENDRGVSFTFGAEVVAKFLHKHDLDLICRAHQVVEDGYEFFAKRQLVTLFSAPNYCGEFDNAGAMMSVDETLMCSFQILKPADKNKGKYGQFSGLNPGGRPITPPRNSAKAKK'), 'MSDSEKLNLDSIIGRLLEVQGSRPGKNVQLTENEIRGLCLKSREIFLSQPILLELEAPLKICGDIHGQYYDLLRLFEYGGFPPESNYLFLGDYVDRGKQSLETICLLLAYKIKYPENFFLLRGNHECASINRIYGFYDECKRRYNIKLWKTFTDCFNCLPIAAIVDEKIFCCHGGLSPDLQSMEQIRRIMRPTDVPDQGLLCDLLWSDPDKDVQGWGENDRGVSFTFGAEVVAKFLHKHDLDLICRAHQVVEDGYEFFAKRQLVTLFSAPNYCGEFDNAGAMMSVDETLMCSFQILKPADKNKGKYGQFSGLNPGGRPITPPRNSAKAKK');
INSERT INTO isoform(protein_id, isoform_num, length, sequence) VALUES
('P62139', 2, char_length('MVTIMTTSEYLSGYEIRGLCLKSREIFLSQPILLELEAPLKICGDIHGQYYDLLRLFEYGGFPPESNYLFLGDYVDRGKQSLETICLLLAYKIKYPENFFLLRGNHECASINRIYGFYDECKRRYNIKLWKTFTDCFNCLPIAAIVDEKIFCCHGGLSPDLQSMEQIRRIMRPTDVPDQGLLCDLLWSDPDKDVQGWGENDRGVSFTFGAEVVAKFLHKHDLDLICRAHQVVEDGYEFFAKRQLVTLFSAPNYCGEFDNAGAMMSVDETLMCSFQILKPADKNKGKYGQFSGLNPGGRPITPPRNSAKAKK'), 'MVTIMTTSEYLSGYEIRGLCLKSREIFLSQPILLELEAPLKICGDIHGQYYDLLRLFEYGGFPPESNYLFLGDYVDRGKQSLETICLLLAYKIKYPENFFLLRGNHECASINRIYGFYDECKRRYNIKLWKTFTDCFNCLPIAAIVDEKIFCCHGGLSPDLQSMEQIRRIMRPTDVPDQGLLCDLLWSDPDKDVQGWGENDRGVSFTFGAEVVAKFLHKHDLDLICRAHQVVEDGYEFFAKRQLVTLFSAPNYCGEFDNAGAMMSVDETLMCSFQILKPADKNKGKYGQFSGLNPGGRPITPPRNSAKAKK');
INSERT INTO isoform(protein_id, isoform_num, length, sequence) VALUES
('P20826', 1, char_length('MKKTQTWIITCIYLQLLLFNPLVKTKEICGNPVTDNVKDITKLVANLPNDYMITLNYVAGMDVLPSHCWLRDMVIQLSLSLTTLLDKFSNISEGLSNYSIIDKLGKIVDDLVLCMEENAPKNIKESPKRPETRSFTPEEFFSIFNRSIDAFKDFMVASDTSDCVLSSTLGPEKDSRVSVTKPFMLPPVAASSLRNDSSSSNRKAAKAPEDSGLQWTAMALPALISLVIGFAFGALYWKKKQSSLTRAVENIQINEEDNEISMLQQKEREFQEV'), 'MKKTQTWIITCIYLQLLLFNPLVKTKEICGNPVTDNVKDITKLVANLPNDYMITLNYVAGMDVLPSHCWLRDMVIQLSLSLTTLLDKFSNISEGLSNYSIIDKLGKIVDDLVLCMEENAPKNIKESPKRPETRSFTPEEFFSIFNRSIDAFKDFMVASDTSDCVLSSTLGPEKDSRVSVTKPFMLPPVAASSLRNDSSSSNRKAAKAPEDSGLQWTAMALPALISLVIGFAFGALYWKKKQSSLTRAVENIQINEEDNEISMLQQKEREFQEV');
INSERT INTO isoform(protein_id, isoform_num, length, sequence) VALUES
('P20826', 2, char_length('MKKTQTWIITCIYLQLLLFNPLVKTKEICGNPVTDNVKDITKLVANLPNDYMITLNYVAGMDVLPSHCWLRDMVIQLSLSLTTLLDKFSNISEGLSNYSIIDKLGKIVDDLVLCMEENAPKNIKESPKRPETRSFTPEEFFSIFNRSIDAFKDFMVASDTSDCVLSSTLGPEKGKAAKAPEDSGLQWTAMALPALISLVIGFAFGALYWKKKQSSLTRAVENIQINEEDNEISMLQQKEREFQEV'), 'MKKTQTWIITCIYLQLLLFNPLVKTKEICGNPVTDNVKDITKLVANLPNDYMITLNYVAGMDVLPSHCWLRDMVIQLSLSLTTLLDKFSNISEGLSNYSIIDKLGKIVDDLVLCMEENAPKNIKESPKRPETRSFTPEEFFSIFNRSIDAFKDFMVASDTSDCVLSSTLGPEKGKAAKAPEDSGLQWTAMALPALISLVIGFAFGALYWKKKQSSLTRAVENIQINEEDNEISMLQQKEREFQEV');
INSERT INTO isoform(protein_id, isoform_num, length, sequence) VALUES
('O18965', 1, char_length('MTMAGGRKGLVAPQNTFLENIVRRSNDTNFVLGNAQIVDWPIVYSNDGFCKLSGYHRAEVMQKSSTCSFMYGELTDKDTIEKVRQTFENYEMNSFEILMYKKNRTPVWFFVKIAPIRNEQDKVVLFLCTFSDITAFKQPIEDDSCKGWGKFARLTRALTSSRGVLQQLAPSVQKGENVHKHSRLAEVLQLGSDILPQYKQEAPKTPPHIILHYCVFKTTWDWIILILTFYTAILVPYNVSFKTRQNNVAWLVVDSIVDVIFLVDIVLNFHTTFVGPAGEVISDPKLIRMNYLKTWFVIDLLSCLPYDVINAFENVDEVSAFMGDPGKIGFADQIPPPLEGRESQGISSLFSSLKVVRLLRLGRVARKLDHYIEYGAAVLVLLVCVFGLAAHWMACIWYSIGDYEIFDEDTKTIRNNSWLYQLAMDIGTPYQFNGSGSGKWEGGPSKNSVYISSLYFTMTSLTSVGFGNIAPSTDIEKIFAVAIMMIGSLLYATIFGNVTTIFQQMYANTNRYHEMLNSVRDFLKLYQVPKGLSERVMDYIVSTWSMSRGIDTEKVLQICPKDMRADICVHLNRKVFKEHPAFRLASDGCLRALAMEFQTVHCAPGDLIYHAGESVDSLCFVVSGSLEVIQDDEVVAILGKGDVFGDVFWKEATLAQSCANVRALTYCDLHVIKRDALQKVLEFYTAFSHSFSRNLILTYNLRKRIVFRKISDVKREEEERMKRKNEAPLILPPDHPVRRLFQRFRQQKEARLAAERGGRDLDDLDVEKGSVLTEHSHHGLAKASVVTVRESPATPVAFPAAAAPAGLDHARLQAPGAEGLGPKAGGADCAKRKGWARFKDACGQAEDWSKVSKAESMETLPERTKAAGEATLKKTDSCDSGITKSDLRLDNVGEARSPQDRSPILAEVKHSFYPIPEQTLQAAVLEVKHELKEDIKALSTKMTSIEKQLSEILRILTSRRSSQSPQELFEISRPQSPESERDIFGAS'), 'MTMAGGRKGLVAPQNTFLENIVRRSNDTNFVLGNAQIVDWPIVYSNDGFCKLSGYHRAEVMQKSSTCSFMYGELTDKDTIEKVRQTFENYEMNSFEILMYKKNRTPVWFFVKIAPIRNEQDKVVLFLCTFSDITAFKQPIEDDSCKGWGKFARLTRALTSSRGVLQQLAPSVQKGENVHKHSRLAEVLQLGSDILPQYKQEAPKTPPHIILHYCVFKTTWDWIILILTFYTAILVPYNVSFKTRQNNVAWLVVDSIVDVIFLVDIVLNFHTTFVGPAGEVISDPKLIRMNYLKTWFVIDLLSCLPYDVINAFENVDEVSAFMGDPGKIGFADQIPPPLEGRESQGISSLFSSLKVVRLLRLGRVARKLDHYIEYGAAVLVLLVCVFGLAAHWMACIWYSIGDYEIFDEDTKTIRNNSWLYQLAMDIGTPYQFNGSGSGKWEGGPSKNSVYISSLYFTMTSLTSVGFGNIAPSTDIEKIFAVAIMMIGSLLYATIFGNVTTIFQQMYANTNRYHEMLNSVRDFLKLYQVPKGLSERVMDYIVSTWSMSRGIDTEKVLQICPKDMRADICVHLNRKVFKEHPAFRLASDGCLRALAMEFQTVHCAPGDLIYHAGESVDSLCFVVSGSLEVIQDDEVVAILGKGDVFGDVFWKEATLAQSCANVRALTYCDLHVIKRDALQKVLEFYTAFSHSFSRNLILTYNLRKRIVFRKISDVKREEEERMKRKNEAPLILPPDHPVRRLFQRFRQQKEARLAAERGGRDLDDLDVEKGSVLTEHSHHGLAKASVVTVRESPATPVAFPAAAAPAGLDHARLQAPGAEGLGPKAGGADCAKRKGWARFKDACGQAEDWSKVSKAESMETLPERTKAAGEATLKKTDSCDSGITKSDLRLDNVGEARSPQDRSPILAEVKHSFYPIPEQTLQAAVLEVKHELKEDIKALSTKMTSIEKQLSEILRILTSRRSSQSPQELFEISRPQSPESERDIFGAS');
INSERT INTO isoform(protein_id, isoform_num, length, sequence) VALUES
('O18965', 2, char_length('MTMAGGRKGLVAPQNTFLENIVRRSNDTNFVLGNAQIVDWPIVYSNDGFCKLSGYHRAEVMQKSSTCSFMYGELTDKDTIEKVRQTFENYEMNSFEILMYKKNRTPVWFFVKIAPIRNEQDKVVLFLCTFSDITAFKQPIEDDSCKGWGKFARLTRALTSSRGVLQQLAPSVQKGENVHKHSRLAEVLQLGSDILPQYKQEAPKTPPHIILHYCVFKTTWDWIILILTFYTAILVPYNVSFKTRQNNVAWLVVDSIVDVIFLVDIVLNFHTTFVGPAGEVISDPKLIRMNYLKTWFVIDLLSCLPYDVINAFENVDEGISSLFSSLKVVRLLRLGRVARKLDHYIEYGAAVLVLLVCVFGLAAHWMACIWYSIGDYEIFDEDTKTIRNNSWLYQLAMDIGTPYQFNGSGSGKWEGGPSKNSVYISSLYFTMTSLTSVGFGNIAPSTDIEKIFAVAIMMIGSLLYATIFGNVTTIFQQMYANTNRYHEMLNSVRDFLKLYQVPKGLSERVMDYIVSTWSMSRGIDTEKVLQICPKDMRADICVHLNRKVFKEHPAFRLASDGCLRALAMEFQTVHCAPGDLIYHAGESVDSLCFVVSGSLEVIQDDEVVAILGKGDVFGDVFWKEATLAQSCANVRALTYCDLHVIKRDALQKVLEFYTAFSHSFSRNLILTYNLRKRIVFRKISDVKREEEERMKRKNEAPLILPPDHPVRRLFQRFRQQKEARLAAERGGRDLDDLDVEKGSVLTEHSHHGLAKASVVTVRESPATPVAFPAAAAPAGLDHARLQAPGAEGLGPKAGGADCAKRKGWARFKDACGQAEDWSKVSKAESMETLPERTKAAGEATLKKTDSCDSGITKSDLRLDNVGEARSPQDRSPILAEVKHSFYPIPEQTLQAAVLEVKHELKEDIKALSTKMTSIEKQLSEILRILTSRRSSQSPQELFEISRPQSPESERDIFGAS'), 'MTMAGGRKGLVAPQNTFLENIVRRSNDTNFVLGNAQIVDWPIVYSNDGFCKLSGYHRAEVMQKSSTCSFMYGELTDKDTIEKVRQTFENYEMNSFEILMYKKNRTPVWFFVKIAPIRNEQDKVVLFLCTFSDITAFKQPIEDDSCKGWGKFARLTRALTSSRGVLQQLAPSVQKGENVHKHSRLAEVLQLGSDILPQYKQEAPKTPPHIILHYCVFKTTWDWIILILTFYTAILVPYNVSFKTRQNNVAWLVVDSIVDVIFLVDIVLNFHTTFVGPAGEVISDPKLIRMNYLKTWFVIDLLSCLPYDVINAFENVDEGISSLFSSLKVVRLLRLGRVARKLDHYIEYGAAVLVLLVCVFGLAAHWMACIWYSIGDYEIFDEDTKTIRNNSWLYQLAMDIGTPYQFNGSGSGKWEGGPSKNSVYISSLYFTMTSLTSVGFGNIAPSTDIEKIFAVAIMMIGSLLYATIFGNVTTIFQQMYANTNRYHEMLNSVRDFLKLYQVPKGLSERVMDYIVSTWSMSRGIDTEKVLQICPKDMRADICVHLNRKVFKEHPAFRLASDGCLRALAMEFQTVHCAPGDLIYHAGESVDSLCFVVSGSLEVIQDDEVVAILGKGDVFGDVFWKEATLAQSCANVRALTYCDLHVIKRDALQKVLEFYTAFSHSFSRNLILTYNLRKRIVFRKISDVKREEEERMKRKNEAPLILPPDHPVRRLFQRFRQQKEARLAAERGGRDLDDLDVEKGSVLTEHSHHGLAKASVVTVRESPATPVAFPAAAAPAGLDHARLQAPGAEGLGPKAGGADCAKRKGWARFKDACGQAEDWSKVSKAESMETLPERTKAAGEATLKKTDSCDSGITKSDLRLDNVGEARSPQDRSPILAEVKHSFYPIPEQTLQAAVLEVKHELKEDIKALSTKMTSIEKQLSEILRILTSRRSSQSPQELFEISRPQSPESERDIFGAS');
INSERT INTO isoform(protein_id, isoform_num, length, sequence) VALUES
('P15691', 1, char_length('MNFLLSWVHWSLALLLYLHHAKWSQAAPMAEGGQKPHEVVKFMDVYQRSFCRPIETLVDIFQEYPDEIEFIFKPSCVPLMRCGGCCNDESLECVPTEEFNITMQIMRIKPHQSQHIGEMSFLQHNKCECRPKKDKARQENPCGPCSERRKHLFVQDPQTCKCSCKNTDSRCKARQLELNERTCRCDKPRR'), 'MNFLLSWVHWSLALLLYLHHAKWSQAAPMAEGGQKPHEVVKFMDVYQRSFCRPIETLVDIFQEYPDEIEFIFKPSCVPLMRCGGCCNDESLECVPTEEFNITMQIMRIKPHQSQHIGEMSFLQHNKCECRPKKDKARQENPCGPCSERRKHLFVQDPQTCKCSCKNTDSRCKARQLELNERTCRCDKPRR');
INSERT INTO isoform(protein_id, isoform_num, length, sequence) VALUES
('P15691', 2, char_length('MNFLLSWVHWSLALLLYLHHAKWSQAAPMAEGGQKPHEVVKFMDVYQRSFCRPIETLVDIFQEYPDEIEFIFKPSCVPLMRCGGCCNDESLECVPTEEFNITMQIMRIKPHQSQHIGEMSFLQHNKCECRPKKDKARQKCDKPRR'), 'MNFLLSWVHWSLALLLYLHHAKWSQAAPMAEGGQKPHEVVKFMDVYQRSFCRPIETLVDIFQEYPDEIEFIFKPSCVPLMRCGGCCNDESLECVPTEEFNITMQIMRIKPHQSQHIGEMSFLQHNKCECRPKKDKARQKCDKPRR');
INSERT INTO isoform(protein_id, isoform_num, length, sequence) VALUES
('Q2KJ93', 1, char_length('MQTIKCVVVGDGAVGKTCLLISYTTNKFPSEYVPTVFDNYAVTVMIGGEPYTLGLFDTAGQEDYDRLRPLSYPQTDVFLVCFSVVSPSSFENVKEKWVPEITHHCPKTPFLLVGTQIDLRDDPSTIEKLAKNKQKPITPETAEKLARDLKAVKYVECSALTQKGLKNVFDEAILAALEPPEPKKSRRCVLL'), 'MQTIKCVVVGDGAVGKTCLLISYTTNKFPSEYVPTVFDNYAVTVMIGGEPYTLGLFDTAGQEDYDRLRPLSYPQTDVFLVCFSVVSPSSFENVKEKWVPEITHHCPKTPFLLVGTQIDLRDDPSTIEKLAKNKQKPITPETAEKLARDLKAVKYVECSALTQKGLKNVFDEAILAALEPPEPKKSRRCVLL');
INSERT INTO isoform(protein_id, isoform_num, length, sequence) VALUES
('Q2KJ93', 2, char_length('MQTIKCVVVGDGAVGKTCLLISYTTNKFPSEYVPTVFDNYAVTVMIGGEPYTLGLFDTAGQEDYDRLRPLSYPQTDVFLVCFSVVSPSSFENVKEKWVPEITHHCPKTPFLLVGTQIDLRDDPSTIEKLAKNKQKPITPETAEKLARDLKAVKYVECSALTQKGLKNVFDEAILAALEPPEPKKSRRCVLL'), 'MQTIKCVVVGDGAVGKTCLLISYTTNKFPSEYVPTVFDNYAVTVMIGGEPYTLGLFDTAGQEDYDRLRPLSYPQTDVFLVCFSVVSPSSFENVKEKWVPEITHHCPKTPFLLVGTQIDLRDDPSTIEKLAKNKQKPITPETAEKLARDLKAVKYVECSALTQKGLKNVFDEAILAALEPPEPKKSRRCVLL');
INSERT INTO isoform(protein_id, isoform_num, length, sequence) VALUES
('P14881', 1, char_length('METQTVQRELETLPTTKMAQTNPMPGSMGPWKITIYDQENFQGKRMEFTSSCPNVSERSFDNVRSLKVECGAWIGYEHTSFCGQQFILERGEYPRWDAWSGSNAYHIERLMSFRPICSANHKESKITIFEKENFIGRQWEICDDYPSLQAMGWFNNEVGSMKIQCGAWVCYQYPGYRGYQYILECDHHGGDYKHWREWGTHAQTSQIQSIRRIQQ'), 'METQTVQRELETLPTTKMAQTNPMPGSMGPWKITIYDQENFQGKRMEFTSSCPNVSERSFDNVRSLKVECGAWIGYEHTSFCGQQFILERGEYPRWDAWSGSNAYHIERLMSFRPICSANHKESKITIFEKENFIGRQWEICDDYPSLQAMGWFNNEVGSMKIQCGAWVCYQYPGYRGYQYILECDHHGGDYKHWREWGTHAQTSQIQSIRRIQQ');
INSERT INTO isoform(protein_id, isoform_num, length, sequence) VALUES
('P14881', 2, char_length('MAQTNPMPGSMGPWKITIYDQENFQGKRMEFTSSCPNVSERSFDNVRSLKVECGAWIGYEHTSFCGQQFILERGEYPRWDAWSGSNAYHIERLMSFRPICSANHKESKITIFEKENFIGRQWEICDDYPSLQAMGWFNNEVGSMKIQCGAWVCYQYPGYRGYQYILECDHHGGDYKHWREWGTHAQTSQIQSIRRIQQ'), 'MAQTNPMPGSMGPWKITIYDQENFQGKRMEFTSSCPNVSERSFDNVRSLKVECGAWIGYEHTSFCGQQFILERGEYPRWDAWSGSNAYHIERLMSFRPICSANHKESKITIFEKENFIGRQWEICDDYPSLQAMGWFNNEVGSMKIQCGAWVCYQYPGYRGYQYILECDHHGGDYKHWREWGTHAQTSQIQSIRRIQQ');
INSERT INTO isoform(protein_id, isoform_num, length, sequence) VALUES
('P93042', 1, char_length('MDAACSTQLIDGDGVFNVSGVDHFIKEVKLDECGLSYAVVSIMGPQSSGKSTLLNHLFGTNFREMDAFRGRSQTTKGIWIARCAGIEPCTVVMDLEGTDGRERGEDDTAFEKQSALFALAVSDIVLINMWCHDIGREQAANKPLLKTVFQVMMRLFSPRKTTLMFVIRDKTRTPLENLEPVLREDIQKIWDSVPKPQAHKETPLSDFFNVEVVALSSYEEKEEQFKEQVYNLRQRFFQSVAPGGLAGDRRGVVPANAFAFSAKQMWQVIKDNKDLDLPAHKVMVATVRCEEIANEKFSSFIANENWRELEEAVQSGPVSGFGRKLSSILQASLSEYDTEATYFEESVRSSKRQQLQEKLLQLVQPTFQDVLGHLRAGALENFKNAFEKALDAGEGFSSSAKSCAQSCISKFDKGCEEAVIEQAKWDTSKTREKLERDIEAHISSVRTAKLAELTTLYESKLNVALSGPVEALLDGANDETWPAIRKLLRREGELAVYGLSNALSGFEMDEETRSKMLADLENYARGIVETKAKEEAGRAMMRMKDRFATIFSHDSDSMPRVWTGKEDIRAITKMARSASLKLLSVMAVIRLDDELDNIEKTLTLALFNSTGNNATSKSISTIDSLASSTWEKVAPEKTLITPVQCKSLWRQFKNETEYTVTQAISAQEANRRNNNWLPPPWAILALVVLGFNEFMTLLRNPLWLLVLFVGYLVSKALWVQLNISGEFQNGVLPGLLSLSTKFIPTVMNLLKKLAEEGQAPPTNSNQSMNSTAQSEVTTNGESSSSSSSGSSPAKNVPIDTSA'), 'MDAACSTQLIDGDGVFNVSGVDHFIKEVKLDECGLSYAVVSIMGPQSSGKSTLLNHLFGTNFREMDAFRGRSQTTKGIWIARCAGIEPCTVVMDLEGTDGRERGEDDTAFEKQSALFALAVSDIVLINMWCHDIGREQAANKPLLKTVFQVMMRLFSPRKTTLMFVIRDKTRTPLENLEPVLREDIQKIWDSVPKPQAHKETPLSDFFNVEVVALSSYEEKEEQFKEQVYNLRQRFFQSVAPGGLAGDRRGVVPANAFAFSAKQMWQVIKDNKDLDLPAHKVMVATVRCEEIANEKFSSFIANENWRELEEAVQSGPVSGFGRKLSSILQASLSEYDTEATYFEESVRSSKRQQLQEKLLQLVQPTFQDVLGHLRAGALENFKNAFEKALDAGEGFSSSAKSCAQSCISKFDKGCEEAVIEQAKWDTSKTREKLERDIEAHISSVRTAKLAELTTLYESKLNVALSGPVEALLDGANDETWPAIRKLLRREGELAVYGLSNALSGFEMDEETRSKMLADLENYARGIVETKAKEEAGRAMMRMKDRFATIFSHDSDSMPRVWTGKEDIRAITKMARSASLKLLSVMAVIRLDDELDNIEKTLTLALFNSTGNNATSKSISTIDSLASSTWEKVAPEKTLITPVQCKSLWRQFKNETEYTVTQAISAQEANRRNNNWLPPPWAILALVVLGFNEFMTLLRNPLWLLVLFVGYLVSKALWVQLNISGEFQNGVLPGLLSLSTKFIPTVMNLLKKLAEEGQAPPTNSNQSMNSTAQSEVTTNGESSSSSSSGSSPAKNVPIDTSA');
INSERT INTO isoform(protein_id, isoform_num, length, sequence) VALUES
('P93042', 2, char_length('MHLEEGMSQTTKGIWIARCAGIEPCTVVMDLEGTDGRERGEDDTAFEKQSALFALAVSDIVLINMWCHDIGREQAANKPLLKTVFQVMMRLFSPRKTTLMFVIRDKTRTPLENLEPVLREDIQKIWDSVPKPQAHKETPLSDFFNVEVVALSSYEEKEEQFKEQVYNLRQRFFQSVAPGGLAGDRRGVVPANAFAFSAKQMWQVIKDNKDLDLPAHKVMVATVRCEEIANEKFSSFIANENWRELEEAVQSGPVSGFGRKLSSILQASLSEYDTEATYFEESVRSSKRQQLQEKLLQLVQPTFQDVLGHLRAGALENFKNAFEKALDAGEGFSSSAKSCAQSCISKFDKGCEEAVIEQAKWDTSKTREKLERDIEAHISSVRTAKLAELTTLYESKLNVALSGPVEALLDGANDETWPAIRKLLRREGELAVYGLSNALSGFEMDEETRSKMLADLENYARGIVETKAKEEAGRAMMRMKDRFATIFSHDSDSMPRVWTGKEDIRAITKMARSASLKLLSVMAVIRLDDELDNIEKTLTLALFNSTGNNATSKSISTIDSLASSTWEKVAPEKTLITPVQCKSLWRQFKNETEYTVTQAISAQEANRRNNNWLPPPWAILALVVLGFNEFMTLLRNPLWLLVLFVGYLVSKALWVQLNISGEFQNGVLPGLLSLSTKFIPTVMNLLKKLAEEGQAPPTNSNQSMNSTAQSEVTTNGESSSSSSSGSSPAKNVPIDTSA'), 'MHLEEGMSQTTKGIWIARCAGIEPCTVVMDLEGTDGRERGEDDTAFEKQSALFALAVSDIVLINMWCHDIGREQAANKPLLKTVFQVMMRLFSPRKTTLMFVIRDKTRTPLENLEPVLREDIQKIWDSVPKPQAHKETPLSDFFNVEVVALSSYEEKEEQFKEQVYNLRQRFFQSVAPGGLAGDRRGVVPANAFAFSAKQMWQVIKDNKDLDLPAHKVMVATVRCEEIANEKFSSFIANENWRELEEAVQSGPVSGFGRKLSSILQASLSEYDTEATYFEESVRSSKRQQLQEKLLQLVQPTFQDVLGHLRAGALENFKNAFEKALDAGEGFSSSAKSCAQSCISKFDKGCEEAVIEQAKWDTSKTREKLERDIEAHISSVRTAKLAELTTLYESKLNVALSGPVEALLDGANDETWPAIRKLLRREGELAVYGLSNALSGFEMDEETRSKMLADLENYARGIVETKAKEEAGRAMMRMKDRFATIFSHDSDSMPRVWTGKEDIRAITKMARSASLKLLSVMAVIRLDDELDNIEKTLTLALFNSTGNNATSKSISTIDSLASSTWEKVAPEKTLITPVQCKSLWRQFKNETEYTVTQAISAQEANRRNNNWLPPPWAILALVVLGFNEFMTLLRNPLWLLVLFVGYLVSKALWVQLNISGEFQNGVLPGLLSLSTKFIPTVMNLLKKLAEEGQAPPTNSNQSMNSTAQSEVTTNGESSSSSSSGSSPAKNVPIDTSA');
INSERT INTO isoform(protein_id, isoform_num, length, sequence) VALUES
('Q8I4M5', 1, char_length('MRCLISYLFHSFLIFLKFIRSDVTALTLQEKRKKSRLTGILMKSMANKKNHQQKKSTDGSTMNGNNATATAAATTQNSSQIGQNSNSSHSVTNDNTSSNNASTSTSSITSTTTTTTTVPSSQQSQSQNQYSHQRLSSTSSTSQQTGISKFPAKKAGHNELEKTSNTANSQSGAFKGTTNKDRPKEKEKNTHSGNRQSQVNHNHHHSNHVSGNQQNRKNKNRDHSNQSYRGGYTHNHNNYHSLENAKSSGFLSNSSLSSAGQISASSAPPVSTTPTAIPIFQESKIVQTDPPVEEAKKKKEKPKIKRDEEPMPYKSTDPKNMDSVMAFKEHDEWDKVEFMCELVSFLSPTDLRLLGNCIEGSVRCYNNQMRPVEKTSNCSDPTAGLPQFVCSPPPPPQQVYYFPGIADAALYQTRNAVNSVFVQQHPPGLPPLLGGMQNIMYPPDANFHHSTSCTTPSSSVSVANKDVNNVPVVLSSSVNGISNNIPSDRQQLDSKPNTARGSSGNINQSNTTSPEPEPGSNHISTTAANPAHPTSVTVPQSVPPVPQEPELFLKSVLDLTSYIYTLMAVCSSTNRKSAAKISDYVQNVILREKSQILERIPDELDKITVLQEIGKIVAAMTHHPAITLDDKMKYAALRDGLRAQIETLFRQYYTTQKQLEQSNLVVPSSQAVGDENDTDSDHESEEEFEPLSGVMGSRFESNPVQPSPSVPGTFFIIRFIGRQIEKNDNLFSLEIHWSDGDRTFAQRSRDQLKALQHRLLDEFGQQRSEKYLHQGCTTSYSSFDDDNKKLSASTSTMETFAPNGERIVPRLARDATPAQYVQYINELSDLPARMMLSAVICEEFNGTRAKTEDLLQETREASDGLIYSRWKNPRAKSPVRYFKRNATGSIDPIELPVNMQPFLYSNIPQTQVQTLFPSCSNCGGPHAPKHCEKQTLLSKKGDHRTRSDGEGSQQNGGTSSSNSYAPIHANLPHAVYIENPQAMLGSNHFNHHQQQHIIQNTIFHNGGQFRANGTYEPQIPIAYYHAQGTVQNSNNTGGVNGNSGGGNQNSNF'), 'MRCLISYLFHSFLIFLKFIRSDVTALTLQEKRKKSRLTGILMKSMANKKNHQQKKSTDGSTMNGNNATATAAATTQNSSQIGQNSNSSHSVTNDNTSSNNASTSTSSITSTTTTTTTVPSSQQSQSQNQYSHQRLSSTSSTSQQTGISKFPAKKAGHNELEKTSNTANSQSGAFKGTTNKDRPKEKEKNTHSGNRQSQVNHNHHHSNHVSGNQQNRKNKNRDHSNQSYRGGYTHNHNNYHSLENAKSSGFLSNSSLSSAGQISASSAPPVSTTPTAIPIFQESKIVQTDPPVEEAKKKKEKPKIKRDEEPMPYKSTDPKNMDSVMAFKEHDEWDKVEFMCELVSFLSPTDLRLLGNCIEGSVRCYNNQMRPVEKTSNCSDPTAGLPQFVCSPPPPPQQVYYFPGIADAALYQTRNAVNSVFVQQHPPGLPPLLGGMQNIMYPPDANFHHSTSCTTPSSSVSVANKDVNNVPVVLSSSVNGISNNIPSDRQQLDSKPNTARGSSGNINQSNTTSPEPEPGSNHISTTAANPAHPTSVTVPQSVPPVPQEPELFLKSVLDLTSYIYTLMAVCSSTNRKSAAKISDYVQNVILREKSQILERIPDELDKITVLQEIGKIVAAMTHHPAITLDDKMKYAALRDGLRAQIETLFRQYYTTQKQLEQSNLVVPSSQAVGDENDTDSDHESEEEFEPLSGVMGSRFESNPVQPSPSVPGTFFIIRFIGRQIEKNDNLFSLEIHWSDGDRTFAQRSRDQLKALQHRLLDEFGQQRSEKYLHQGCTTSYSSFDDDNKKLSASTSTMETFAPNGERIVPRLARDATPAQYVQYINELSDLPARMMLSAVICEEFNGTRAKTEDLLQETREASDGLIYSRWKNPRAKSPVRYFKRNATGSIDPIELPVNMQPFLYSNIPQTQVQTLFPSCSNCGGPHAPKHCEKQTLLSKKGDHRTRSDGEGSQQNGGTSSSNSYAPIHANLPHAVYIENPQAMLGSNHFNHHQQQHIIQNTIFHNGGQFRANGTYEPQIPIAYYHAQGTVQNSNNTGGVNGNSGGGNQNSNF');
INSERT INTO isoform(protein_id, isoform_num, length, sequence) VALUES
('Q8I4M5', 2, char_length('MRCLISYLFHSFLIFLKFIRSDVTALTLQEKRKKSRLTGILMKSMANKKNHQQKKSTDGSTMNGNNATATAAATTQNSSQIGQNSNSSHSVTNDNTSSNNASTSTSSITSTTTTTTTVPSSQQSQSQNQYSHQRLSSTSSTSQQTGISKFPAKKAGHNELEKTSNTANSQSGAFKGTTNKDRPKEKEKNTHSGNRQSQVNHNHHHSNHVSGNQQNRKNKNRDHSNQSYRGGYTHNHNNYHSLENAKSSGFLSNSSLSSAGQISASSAPPVSTTPTAIPIFQESKIVQTDPPVEEAKKKKEKPKIKRDEEPMPYKSTDPKNMDSVMAFKEHDEWDKVEFMCELVSFLSPTDLRLLGNCIEGSVRCYNNQMRPVEKTSNCSDPTAGLPQFVCSPPPPPQQVYYFPGIADAALYQTRNAVNSVFVQQHPPGLPPLLGGMQNIMYPPDANFHHSTSCTTPSSSVSVANKDVNNVPVVLSSSVNGISNNIPSDRQQLDSKPNTARGSSGNINQSNTTSPEPEPGSNHISTTAANPAHPTSVTVPQSVPPVPQEPELFLKSVLDLTSYIYTLMAVCSSTNRKSAAKISDYVQNVILREKSQILERIPDELDKITVLQEIGKIVAAMTHHPAITLDDKMKYAALRDGLRAQIETLFRQYYTTQKQLEQSNLVVPSSQAVGDENDTDSDHESEEEFEPLSGVMGSRFESNPVQPSPSVPGTFFIIRFIGRQIEKNDNLFSLEIHWSDGDRTFAQRSRDQLKALQHRLLDEFGQQRSEKYLHQGCTTSYSSFDDDNKKLSASTSTMETFAPNGERIVPRLARDATPAQYVQYINELSDLPARMMLSAVICEEFNGTRAKTEDETREASDGLIYSRWKNPRAKSPVRYFKRNATGSIDPIELPVNMQPFLYSNIPQTQVQTLFPSCSNCGGPHAPKHCEKQTLLSKKGDHRTRSDGEGSQQNGGTSSSNSYAPIHANLPHAVYIENPQAMLGSNHFNHHQQQHIIQNTIFHNGGQFRANGTYEPQIPIAYYHAQGTVQNSNNTGGVNGNSGGGNQNSNF'), 'MRCLISYLFHSFLIFLKFIRSDVTALTLQEKRKKSRLTGILMKSMANKKNHQQKKSTDGSTMNGNNATATAAATTQNSSQIGQNSNSSHSVTNDNTSSNNASTSTSSITSTTTTTTTVPSSQQSQSQNQYSHQRLSSTSSTSQQTGISKFPAKKAGHNELEKTSNTANSQSGAFKGTTNKDRPKEKEKNTHSGNRQSQVNHNHHHSNHVSGNQQNRKNKNRDHSNQSYRGGYTHNHNNYHSLENAKSSGFLSNSSLSSAGQISASSAPPVSTTPTAIPIFQESKIVQTDPPVEEAKKKKEKPKIKRDEEPMPYKSTDPKNMDSVMAFKEHDEWDKVEFMCELVSFLSPTDLRLLGNCIEGSVRCYNNQMRPVEKTSNCSDPTAGLPQFVCSPPPPPQQVYYFPGIADAALYQTRNAVNSVFVQQHPPGLPPLLGGMQNIMYPPDANFHHSTSCTTPSSSVSVANKDVNNVPVVLSSSVNGISNNIPSDRQQLDSKPNTARGSSGNINQSNTTSPEPEPGSNHISTTAANPAHPTSVTVPQSVPPVPQEPELFLKSVLDLTSYIYTLMAVCSSTNRKSAAKISDYVQNVILREKSQILERIPDELDKITVLQEIGKIVAAMTHHPAITLDDKMKYAALRDGLRAQIETLFRQYYTTQKQLEQSNLVVPSSQAVGDENDTDSDHESEEEFEPLSGVMGSRFESNPVQPSPSVPGTFFIIRFIGRQIEKNDNLFSLEIHWSDGDRTFAQRSRDQLKALQHRLLDEFGQQRSEKYLHQGCTTSYSSFDDDNKKLSASTSTMETFAPNGERIVPRLARDATPAQYVQYINELSDLPARMMLSAVICEEFNGTRAKTEDETREASDGLIYSRWKNPRAKSPVRYFKRNATGSIDPIELPVNMQPFLYSNIPQTQVQTLFPSCSNCGGPHAPKHCEKQTLLSKKGDHRTRSDGEGSQQNGGTSSSNSYAPIHANLPHAVYIENPQAMLGSNHFNHHQQQHIIQNTIFHNGGQFRANGTYEPQIPIAYYHAQGTVQNSNNTGGVNGNSGGGNQNSNF');
INSERT INTO isoform(protein_id, isoform_num, length, sequence) VALUES
('Q8I4M5', 3, char_length('MANKKNHQQKKSTDGSTMNGNNATATAAATTQNSSQIGQNSNSSHSVTNDNTSSNNASTSTSSITSTTTTTTTVPSSQQSQSQNQYSHQRLSSTSSTSQQTGISKFPAKKAGHNELEKTSNTANSQSGAFKGTTNKDRPKEKEKNTHSGNRQSQVNHNHHHSNHVSGNQQNRKNKNRDHSNQSYRGGYTHNHNNYHSLENAKSSGFLSNSSLSSAGQISASSAPPVSTTPTAIPIFQESKIVQTDPPVEEAKKKKEKPKIKRDEEPMPYKSTDPKNMDSVMAFKEHDEWDKVEFMCELVSFLSPTDLRLLGNCIEGSVRCYNNQMRPVEKTSNCSDPTAGLPQFVCSPPPPPQQVYYFPGIADAALYQTRNAVNSVFVQQHPPGLPPLLGGMQNIMYPPDANFHHSTSCTTPSSSVSVANKDVNNVPVVLSSSVNGISNNIPSDRQQLDSKPNTARGSSGNINQSNTTSPEPEPGSNHISTTAANPAHPTSVTVPQSVPPVPQEPELFLKSVLDLTSYIYTLMAVCSSTNRKSAAKISDYVQNVILREKSQILERIPDELDKITVLQEIGKIVAAMTHHPAITLDDKMKYAALRDGLRAQIETLFRQYYTTQKQLEQSNLVVPSSQAVGDENDTDSDHESEEEFEPLSGVMGSRFESNPVQPSPSVPGTFFIIRFIGRQIEKNDNLFSLEIHWSDGDRTFAQRSRDQLKALQHRLLDEFGQQRSEKYLHQGCTTSYSSFDDDNKKLSASTSTMETFAPNGERIVPRLARDATPAQYVQYINELSDLPARMMLSAVICEEFNGTRAKTEDLLQETREASDGLIYSRWKNPRAKSPVRYFKRNATGSIDPIELPVNMQPFLYSNIPQTQVQTLFPSCSNCGGPHAPKHCEKQTLLSKKGDHRTRSDGEGSQQNGGTSSSNSYAPIHANLPHAVYIENPQAMLGSNHFNHHQQQHIIQNTIFHNGGQFRANGTYEPQIPIAYYHAQGTVQNSNNTGGVNGNSGGGNQNSNF'), 'MANKKNHQQKKSTDGSTMNGNNATATAAATTQNSSQIGQNSNSSHSVTNDNTSSNNASTSTSSITSTTTTTTTVPSSQQSQSQNQYSHQRLSSTSSTSQQTGISKFPAKKAGHNELEKTSNTANSQSGAFKGTTNKDRPKEKEKNTHSGNRQSQVNHNHHHSNHVSGNQQNRKNKNRDHSNQSYRGGYTHNHNNYHSLENAKSSGFLSNSSLSSAGQISASSAPPVSTTPTAIPIFQESKIVQTDPPVEEAKKKKEKPKIKRDEEPMPYKSTDPKNMDSVMAFKEHDEWDKVEFMCELVSFLSPTDLRLLGNCIEGSVRCYNNQMRPVEKTSNCSDPTAGLPQFVCSPPPPPQQVYYFPGIADAALYQTRNAVNSVFVQQHPPGLPPLLGGMQNIMYPPDANFHHSTSCTTPSSSVSVANKDVNNVPVVLSSSVNGISNNIPSDRQQLDSKPNTARGSSGNINQSNTTSPEPEPGSNHISTTAANPAHPTSVTVPQSVPPVPQEPELFLKSVLDLTSYIYTLMAVCSSTNRKSAAKISDYVQNVILREKSQILERIPDELDKITVLQEIGKIVAAMTHHPAITLDDKMKYAALRDGLRAQIETLFRQYYTTQKQLEQSNLVVPSSQAVGDENDTDSDHESEEEFEPLSGVMGSRFESNPVQPSPSVPGTFFIIRFIGRQIEKNDNLFSLEIHWSDGDRTFAQRSRDQLKALQHRLLDEFGQQRSEKYLHQGCTTSYSSFDDDNKKLSASTSTMETFAPNGERIVPRLARDATPAQYVQYINELSDLPARMMLSAVICEEFNGTRAKTEDLLQETREASDGLIYSRWKNPRAKSPVRYFKRNATGSIDPIELPVNMQPFLYSNIPQTQVQTLFPSCSNCGGPHAPKHCEKQTLLSKKGDHRTRSDGEGSQQNGGTSSSNSYAPIHANLPHAVYIENPQAMLGSNHFNHHQQQHIIQNTIFHNGGQFRANGTYEPQIPIAYYHAQGTVQNSNNTGGVNGNSGGGNQNSNF');
INSERT INTO isoform(protein_id, isoform_num, length, sequence) VALUES
('Q9VWQ2', 1, char_length('MGNSQPRNASRSRRTSQWPQGAAELGASASDHHYHQEELYQEQQQQQQQPQQEQPSSRRIQFQAHTNQPTQSHPPGDEEQPVQSQQQQLSTWSLGSLSGGRLNWSFSGARNSFRHRNKATRKSLTSLHGSRRGKTQWHRPLTNSIFNSHFKETSKNDLYRIDHLVAKGAFGVVFKVSSKSDISQCYALKVLKKSKLIEDNSVRQIKDEADIQKVCGHHPFIVKQIDLWQNRHNLHILSEYVPNGELFSKITHFSIDLVRLYIGEIALALDFLHNAGIIYRDAKPENILLTEQFHIKLTDFGLSKWLKLGANTRTMCGTFKYMAPEILCGEPYGHAVDWWALGVIACQMLTQKSPNIKRHLLRRRESVEPEDGLSNAPSIAQINGCLQDSDGDSEDFLPEEVQHLTHEGRDVLRKLLTIEPRQRIRSVMALQRIAIYKDYNLSSKQLLSLSPREIIARDGIRIYEDRHFDQLTNQCAIDAFLDF'), 'MGNSQPRNASRSRRTSQWPQGAAELGASASDHHYHQEELYQEQQQQQQQPQQEQPSSRRIQFQAHTNQPTQSHPPGDEEQPVQSQQQQLSTWSLGSLSGGRLNWSFSGARNSFRHRNKATRKSLTSLHGSRRGKTQWHRPLTNSIFNSHFKETSKNDLYRIDHLVAKGAFGVVFKVSSKSDISQCYALKVLKKSKLIEDNSVRQIKDEADIQKVCGHHPFIVKQIDLWQNRHNLHILSEYVPNGELFSKITHFSIDLVRLYIGEIALALDFLHNAGIIYRDAKPENILLTEQFHIKLTDFGLSKWLKLGANTRTMCGTFKYMAPEILCGEPYGHAVDWWALGVIACQMLTQKSPNIKRHLLRRRESVEPEDGLSNAPSIAQINGCLQDSDGDSEDFLPEEVQHLTHEGRDVLRKLLTIEPRQRIRSVMALQRIAIYKDYNLSSKQLLSLSPREIIARDGIRIYEDRHFDQLTNQCAIDAFLDF');
INSERT INTO isoform(protein_id, isoform_num, length, sequence) VALUES
('Q9VWQ2', 2, char_length('MCGTFKYMAPEILCGEPYGHAVDWWALGVIACQMLTQKSPNIKRHLLRRRESVEPEDGLSNAPSIAQINGCLQDSDGDSEDFLPEEVQHLTHEGRDVLRKLLTIEPRQRIRSVMALQRIAIYKDYNLSSKQLLSLSPREIIARDGIRIYEDRHFDQLTNQCAIDAFLDF'), 'MCGTFKYMAPEILCGEPYGHAVDWWALGVIACQMLTQKSPNIKRHLLRRRESVEPEDGLSNAPSIAQINGCLQDSDGDSEDFLPEEVQHLTHEGRDVLRKLLTIEPRQRIRSVMALQRIAIYKDYNLSSKQLLSLSPREIIARDGIRIYEDRHFDQLTNQCAIDAFLDF');
INSERT INTO isoform(protein_id, isoform_num, length, sequence) VALUES
('Q9VWQ2', 3, char_length('MGNSQPRNASRSRRTSQWPQGAAELGASASDHHYHQEELYQEQQQQQQQPQQEQPSSRRIQFQAHTNQPTQSHPPGDEEQPVQSQQLSTWSLGSLSGGRLNWSFSGARNSFRHRNKATRKSLTSLHGSRRGKTQWHRPLTNSIFNSHFKETSKNDLYRIDHLVAKGAFGVVFKVSSKSDISQCYALKVLKKSKLIEDNSVRQIKDEADIQKVCGHHPFIVKQIDLWQNRHNLHILSEYVPNGELFSKITHFSIDLVRLYIGEIALALDFLHNAGIIYRDAKPENILLTEQFHIKLTDFGLSKWLKLGANTRTMCGTFKYMAPEILCGEPYGHAVDWWALGVIACQMLTQKSPNIKRHLLRRRESVEPEDGLSNAPSIAQINGCLQDSDGDSEDFLPEEVQHLTHEGRDVLRKLLTIEPRQRIRSVMALQRIAIYKDYNLSSKQLLSLSPREIIARDGIRIYEDRHFDQLTNQCAIDAFLDF'), 'MGNSQPRNASRSRRTSQWPQGAAELGASASDHHYHQEELYQEQQQQQQQPQQEQPSSRRIQFQAHTNQPTQSHPPGDEEQPVQSQQLSTWSLGSLSGGRLNWSFSGARNSFRHRNKATRKSLTSLHGSRRGKTQWHRPLTNSIFNSHFKETSKNDLYRIDHLVAKGAFGVVFKVSSKSDISQCYALKVLKKSKLIEDNSVRQIKDEADIQKVCGHHPFIVKQIDLWQNRHNLHILSEYVPNGELFSKITHFSIDLVRLYIGEIALALDFLHNAGIIYRDAKPENILLTEQFHIKLTDFGLSKWLKLGANTRTMCGTFKYMAPEILCGEPYGHAVDWWALGVIACQMLTQKSPNIKRHLLRRRESVEPEDGLSNAPSIAQINGCLQDSDGDSEDFLPEEVQHLTHEGRDVLRKLLTIEPRQRIRSVMALQRIAIYKDYNLSSKQLLSLSPREIIARDGIRIYEDRHFDQLTNQCAIDAFLDF');

